"","public_ok","bulk_type","purpose","vessel","collection_date","site_name_rep_detail","partner_faculty","team","site_id","replicate","sample_id","date_arrival_at_jhu","status","date_sent_soil_analysis","Note","As_EPA3051","Cd_EPA3051","Cr_EPA3051","Cu_EPA3051","Ni_EPA3051","Pb_EPA3051","Zn_EPA3051","water_pH","A.E_Buffer_pH","OM_by_LOI_pct","P_Mehlich3","K_Mehlich3","Ca_Mehlich3","Mg_Mehlich3","Mn_Mehlich3","Zn_Mehlich3","Cu_Mehlich3","Fe_Mehlich3","B_Mehlich3","S_Mehlich3","Na_Mehlich3","Al_Mehlich3","Est_CEC","Base_Sat_pct","P_Sat_ratio"
"1","TRUE","Soil","Project","plastic bag","5/31/23","Decker Quad","Pilot (Hoffman and team)","Ava, Elizabeth, Stephen, Fred","B01",1,"Soil_B01_1","6/21/23","sent","6/30/23",NA,"< 3.0","0.26","12.77","13.54","6.93","10.69","33.71","6.8","7.95","3.4","47.4","136.87","1384.37","198.67","36.89","5.46","5.21","229.75","0.49","15.42","18.2","472.72","9.3","95.7","21.4"
"2","TRUE","Soil","Project","plastic bag","5/31/23","Stony Run","Pilot (Hoffman and team)","Ava; Elizabeth; Fred; Stephen","B03",1,"Soil_B03_1","6/21/23","sent","6/30/23",NA,"6.39","0.68","40.64","56.91","27.12","125.29","160.54","6.8","7.77","8.7","32.98","167.63","1792.92","234.18","65.42","15.95","7.03","136.88","0.86","8.09","4.86","448.43","13.2","86","17.8"
"3","TRUE","Soil","Project","plastic bag","5/31/23","Wyman Dell","Pilot (Hoffman and team)","Ava, Elizabeth, Stephen, Fred","B02",1,"Soil_B02_1","6/21/23","sent","6/30/23",NA,"5.04","0.53","29.02","31.48","10.75","88.21","83.35","7.2","7.91","6.7","82.21","139.38","3062.75","276.56","43.55","16.45","8.64","256.86","1.5","11.79","17.34","371.99","18.7","96.1","38.9"
"4","TRUE","Soil","Project","plastic bag","6/1/23","NDMU Library Stream","Pilot (Hoffman and team)","Ava, Fred, Jenn, Stephen, Elizabeth, Tyler, Loraye, Madeline","B06",1,"Soil_B06_1","6/21/23","sent","6/30/23",NA,"4.85","0.3","29.8","25.12","13.3","56.79","100.28","6.8","7.83","4.5","13.15","105.27","1921.19","180.01","35.01","13.36","5.43","156.36","0.77","8.74","5.1","493.12","12.7","89.3","9.3"
"5","TRUE","Soil","Project","plastic bag","6/1/23","NDMU Playground","Pilot (Hoffman and team)","Ava, Fred, Jenn, Stephen, Elizabeth, Tyler, Loraye, Madeline","B04",1,"Soil_B04_1","6/21/23","sent","6/30/23",NA,"4.87","0.35","23.78","25.53","11.58","43.73","71.66","6.8","7.77","5.2","13.15","184.91","1577.25","270.1","34.55","6.29","6.36","139","0.66","8.75","3.33","579.18","12.5","85.2","8.7"
"6","TRUE","Soil","Project","plastic bag","6/1/23","NDMU Tennis Grove","Pilot (Hoffman and team)","Ava, Fred, Jenn, Stephen, Elizabeth, Tyler, Loraye, Madeline","B05",1,"Soil_B05_1","6/21/23","sent","6/30/23",NA,"7.77","0.46","26.51","30.12","12.53","120.36","98.55","6.5","7.7","5.6","20.8","148.15","1268.44","179.83","22.99","8.55","7.92","126.34","0.44","8.36","3.52","642.73","10.6","77.4","10.7"
"7","TRUE","Soil","Project","plastic bag","6/2/23","Rock Creek Park Hill Trail","Pilot (Hoffman and team)","Mike Schatz, Madeline Graham, Daniel Chin, David Soussana, Ava Hoffman, Elizabeth Humphries, Stephen Mosher, Fred Tan","M04",1,"Soil_M04_1","6/21/23","sent","6/30/23",NA,"3.87","< 0.2","20.3","17.62","11.41","42.46","34.38","4.9","7.12","7.9","9.54","69.05","74.82","40.38","14.13","2.13","1.08","249.88","0.05","16.18","2.65","907.18","7.9","11.2","6.4"
"8","TRUE","Soil","Project","plastic bag","6/2/23","Rock Creek Park Needwood Forest","Pilot (Hoffman and team)","Mike; Stephen; Fred; Ava; Madeline; Daniel; David; Elizabeth","M02",1,"Soil_M02_1","6/21/23","sent","6/30/23",NA,"5.18","< 0.2","41.03","19.6","71.89","32.25","52.95","6","7.7","4","5.46","93.96","1541.87","136.56","184","2.9","2.26","120.63","0.83","7.82","2.67","581.5","11.5","79.1","6.3"
"9","TRUE","Soil","Project","plastic bag","6/2/23","Rock Creek Park Needwood Parking Lot","Pilot (Hoffman and team)","Ava, Madeline, David, Daniel, Mike, Stephen, Fred, Elizabeth","M01",1,"Soil_M01_1","6/21/23","sent","6/30/23",NA,"3.24","< 0.2","37.78","25.96","28","19.39","44.01","6","7.68","5.1","8.57","59.84","1411.22","180.09","38.28","1.89","2.42","163.04","0.4","8.07","4.03","465.32","11.3","77.3","7.8"
"10","TRUE","Soil","Project","plastic bag","6/2/23","Rock Creek Park Needwood Pavilion","Pilot (Hoffman and team)","Ava, Madeline, David, Daniel, Mike, Stephen, Fred, Elizabeth","M03",1,"Soil_M03_1","6/21/23","sent","6/30/23",NA,"3.13","0.34","57.91","26.9","93.58","61.99","101.24","6","7.66","5.8","15.91","115.43","1451.54","277.71","87.33","10.3","4.81","189.06","0.39","8.71","3.97","547.11","12.6","78.4","9.7"
"11","TRUE","Soil","Project","plastic bag","6/6/23","Druid Hill Park Baseball Field","Pilot (Hoffman and team)","Ava, Elizabeth","B10",1,"Soil_B10_1","6/21/23","sent","6/30/23",NA,"3.43","0.25","21.08","16.24","8.9","80.09","59.97","5.8","7.62","5.8","15.43","62.84","802.97","178.71","29.01","7.91","4.12","357.8","0.4","14.41","21.33","627.9","8.7","65.1","8.5"
"12","TRUE","Soil","Project","plastic bag","6/6/23","Druid Hill Park Hiking Trail","Pilot (Hoffman and team)","Ava, Elizabeth","B09",1,"Soil_B09_1","6/21/23","sent","6/30/23",NA,"26.66","0.46","38.04","50.11","21.58","69.97","108.65","6.1","7.62","6.8","7.48","183.55","2104.25","356.01","95.76","11.89","7.28","129.19","0.77","9.19","5.94","663.58","17","82.1","6.7"
"13","TRUE","Soil","Project","plastic bag","6/6/23","Druid Hill Park Playground","Pilot (Hoffman and team)","Ava, Elizabeth","B07",1,"Soil_B07_1","6/21/23","sent","6/30/23",NA,"27.3","0.61","21.47","21.74","8.55","53.78","75.08","6.4","7.75","5.4","38.85","68.75","1765.21","141.54","57","11.17","6.34","222.72","0.8","11.94","6.77","528.76","12.2","83.6","17.2"
"14","TRUE","Soil","Project","plastic bag","6/6/23","Druid Hill Park Thicket","Pilot (Hoffman and team)","Ava, Elizabeth","B08",1,"Soil_B08_1","6/21/23","sent","6/30/23",NA,"7.47","0.33","26.65","24.16","11.01","86.8","64.7","5.7","7.61","5.2","26.81","117.21","614.2","90.43","94.1","7.5","6.86","135.78","0.26","14.48","4.33","893.46","7.2","56.9","10.3"
"15","TRUE","Soil","Project","plastic bag","6/6/23","Gwynns Glade","Pilot (Hoffman and team)","Ava, Elizabeth","B12",1,"Soil_B12_1","6/21/23","sent","6/30/23",NA,"< 3.0","1.08","51.62","68.57","30.5","124.34","302.42","7.2","7.96","6.4","19.98","88.15","2992.05","243.62","40.13","55.19","22.9","293.57","2.02","10.44","8.46","338.2","17.5","98.2","13.2"
"16","TRUE","Soil","Project","plastic bag","6/6/23","Gwynns Grassland","Pilot (Hoffman and team)","Ava, Elizabeth","B11",1,"Soil_B11_1","6/21/23","sent","6/30/23",NA,"< 3.0","1.06","42.85","60.06","24.51","118.74","296.39","6.9","7.92","5.3","25.88","100.88","2209","336.88","44.07","63.33","18.78","243.56","1.22","8.47","7.31","365.72","14.8","95.7","15.6"
"17","TRUE","Soil","Project","plastic bag","6/6/23","Gwynns Trailhead","Pilot (Hoffman and team)","Ava, Elizabeth","B13",1,"Soil_B13_1","6/21/23","sent","6/30/23",NA,"3.96","0.35","25.02","20.72","13.22","38.03","86.02","7","7.91","5.3","56.11","133.28","2114.93","252.28","66.44","17.91","6.28","234.11","1.07","11.35","12.36","545.68","13.7","94.8","22.2"
"18","TRUE","Soil","Project","plastic bag","6/7/23","Herring Run Field","Pilot (Hoffman and team)","Ava, Elizabeth","B15",1,"Soil_B15_1","6/21/23","sent","6/30/23",NA,"4.09","0.29","26.2","23.74","14.35","67.47","110.6","6.3","7.67","4.7","22.9","165.62","1029.4","208.05","30.58","7.78","5.4","154.14","0.39","8.85","3.41","610.94","9.9","73.5","11.5"
"19","TRUE","Soil","Project","plastic bag","6/7/23","Herring Run Footbridge","Pilot (Hoffman and team)","Ava, Elizabeth","B18",1,"Soil_B18_1","6/21/23","sent","6/30/23",NA,"5.44","0.51","47.56","58.68","33.39","94.05","162.49","6.5","7.86","6.4","11.28","219.11","1302.45","467.11","91.08","10.03","8.68","119.04","0.94","7.6","4.82","504.38","12.1","90.7","8.7"
"20","TRUE","Soil","Project","plastic bag","6/7/23","Herring Run Hillside Forest","Pilot (Hoffman and team)","Ava, Elizabeth","B17",1,"Soil_B17_1","6/21/23","sent","6/30/23",NA,"< 3.0","< 0.2","51.21","58.15","31.56","29.24","84.54","6.2","7.67","4.3","11.6","269.55","1021.61","355.35","42.67","2.86","7.57","109.57","0.28","11.93","3.96","860.79","11.4","76.8","7.2"
"21","TRUE","Soil","Project","plastic bag","6/7/23","Herring Run Montebello","Pilot (Hoffman and team)","Ava, Elizabeth","B19",1,"Soil_B19_1","6/21/23","sent","6/30/23",NA,"4.47","0.22","23.88","26.02","9.63","76.37","96.93","5.6","7.55","5.3","33.58","121.94","507.65","81.72","17.13","16.25","5.31","196.83","0.14","15.17","4.76","666.95","7.1","49.5","13.7"
"22","TRUE","Soil","Project","plastic bag","6/7/23","Herring Run Stream Bank","Pilot (Hoffman and team)","Ava, Elizabeth","B16",1,"Soil_B16_1","6/21/23","sent","6/30/23",NA,"4.84","0.53","27.61","30.22","15.24","102.41","135.78","6.6","7.84","3.3","18.79","113.76","1315.62","205.74","33.41","10.56","8.64","141.64","0.67","6.97","2.72","586.8","9.9","87","10.5"
"23","TRUE","Soil","Project","plastic bag","6/7/23","Herring Run Stump","Pilot (Hoffman and team)","Ava, Elizabeth","B14",1,"Soil_B14_1","6/21/23","sent","6/30/23",NA,"12.98","0.35","27.23","28.46","13.35","56.97","90.02","6.4","7.7","6.7","23.37","120.92","1744.72","196.62","37.77","7.42","6.96","149.24","0.63","11.94","9","565.88","13.1","81.6","12.1"
"24","TRUE","Soil","Project","plastic bag","6/13/23","Leakin Forest","Pilot (Hoffman and team)","Ava, Elizabeth","B23",1,"Soil_B23_1","6/21/23","sent","6/30/23",NA,"3.92","< 0.2","21.44","29.98","19.14","50.04","63.8","5.5","7.25","5.9","7.86","106.32","191.61","86","10.01","2.73","3.43","181.41","0.14","11.04","3.72","916.25","7.9","24.5","6.1"
"25","TRUE","Soil","Project","plastic bag","6/13/23","Leakin Glen","Pilot (Hoffman and team)","Ava, Elizabeth","B22",1,"Soil_B22_1","6/21/23","sent","6/30/23",NA,"< 3.0","< 0.2","77.7","27.48","23.15","23.6","44.66","6.5","7.88","4.4","3.48","73.5","1963.72","254.52","43.9","4.67","5.02","186.88","0.73","5.96","5.3","370.13","13.1","92.7","6.1"
"26","TRUE","Soil","Project","plastic bag","6/13/23","Leakin Nature Center","Pilot (Hoffman and team)","Ava, Elizabeth","B24",1,"Soil_B24_1","6/21/23","sent","6/30/23",NA,"< 3.0","< 0.2","39.4","52.81","21.01","34.12","57.4","6.7","7.89","4","10.11","188.37","2138.35","272.19","55.36","8.22","9.16","156.78","0.85","6.33","5.29","463.16","14.3","93.9","8.4"
"27","TRUE","Soil","Project","plastic bag","6/13/23","Leakin Poplar","Pilot (Hoffman and team)","Ava, Elizabeth","B21",1,"Soil_B21_1","6/21/23","sent","6/30/23",NA,"< 3.0","< 0.2","20.04","28.49","14.65","26.94","51.11","6","7.66","3.7","10.01","135.55","491.18","118.71","20.14","1.38","2.05","82.69","0.18","7.86","4.8","777.54","6.5","58.2","7.1"
"28","TRUE","Soil","Project","plastic bag","6/13/23","Leakin Trailhead","Pilot (Hoffman and team)","Ava, Elizabeth","B20",1,"Soil_B20_1","6/21/23","sent","6/30/23",NA,"< 3.0","< 0.2","77.57","32.21","22.53","33.98","59.02","6.6","7.95","3.7","3.56","71.51","1604.57","349.03","33.99","3.24","4.75","101.76","0.65","5.49","5.72","517.58","11.5","96.5","5.8"
"29","TRUE","Soil","Project","plastic bag","6/19/23","Black Hill Pavilion A","Pilot (Hoffman and team)","Ava, Elizabeth","M07",1,"Soil_M07_1","6/21/23","sent","6/30/23",NA,"7.31","< 0.2","16.91","17.12","12.67","17.83","49.55","6.1","7.46","6.6","15.27","225.95","738.79","179.23","86.01","1.93","1.14","127.1","0.25","11.98","4.26","658.61","10.1","57.2","8.9"
"30","TRUE","Soil","Project","plastic bag","6/19/23","Black Hill Small Wood","Pilot (Hoffman and team)","Ava, Elizabeth","M06",1,"Soil_M06_1","6/21/23","sent","6/30/23",NA,"9.34","< 0.2","14.93","11.56","9.21","54.58","44.01","6","7.23","9.3","10.45","235.73","391.73","102.02","96.85","1.36","0.76","135.75","0.27","13.77","3.23","956.02","9.6","35.7","6.6"
"31","TRUE","Soil","Project","plastic bag","6/19/23","Black Hill Tiny Meadow","Pilot (Hoffman and team)","Ava, Elizabeth","M08",1,"Soil_M08_1","6/21/23","sent","6/30/23",NA,"11.1","0.21","16.03","13.46","10.77","35.93","49.54","6.1","7.5","5.9","18.51","114.43","681.63","96.04","96.78","1.73","0.91","95.26","0.35","14.13","3.19","894.97","8.5","53","8.6"
"32","TRUE","Soil","Project","plastic bag","6/19/23","Black Hill Visitor Center","Pilot (Hoffman and team)","Ava, Elizabeth","M05",1,"Soil_M05_1","6/21/23","sent","6/30/23",NA,"< 3.0","< 0.2","19.15","25.06","18.91","18.13","85.35","6.1","7.84","5.4","15.37","37.1","1889.32","168.38","42.12","2.94","3.24","126.65","0.6","9.86","158.82","365.41","12.2","89.5","12"
"33","TRUE","Soil","Project","plastic bag","6/19/23","Ridge Road Leafy Trail","Pilot (Hoffman and team)","Ava, Elizabeth","M11",1,"Soil_M11_1","6/21/23","sent","6/30/23",NA,"7.34","< 0.2","14.87","11.24","7.01","67.32","29.02","5.3","7.5","10.6","9.7","49.57","141.25","36.49","45.89","2.87","0.59","237.65","0.02","22.28","4.04","978.59","5.1","22.1","6.4"
"34","TRUE","Soil","Project","plastic bag","6/19/23","Ridge Road Oak Grove","Pilot (Hoffman and team)","Ava, Elizabeth","M09",1,"Soil_M09_1","6/21/23","sent","6/30/23",NA,"5.42","< 0.2","15.08","14.17","6.87","53.71","31.7","5.6","7.36","7.9","23.43","136.22","298.76","62.4","47.46","2.18","1.31","217.01","0.12","16.96","3.55","908.8","7.5","31.6","9.3"
"35","TRUE","Soil","Project","plastic bag","6/19/23","Ridge Road Pine Field","Pilot (Hoffman and team)","Ava, Elizabeth","M10",1,"Soil_M10_1","6/21/23","sent","6/30/23",NA,"8.95","< 0.2","17.15","25.39","10.57","21.35","35.11","5.7","7.6","4.9","7.72","143.34","1082.18","158.42","95.89","1.38","1.75","144.92","0.29","7","6.04","622.95","10.3","68.9","6.8"
"36","TRUE","Soil","Project","plastic bag","6/19/23","Ridge Road Tennis Court","Pilot (Hoffman and team)","Ava, Elizabeth","M12",1,"Soil_M12_1","6/21/23","sent","6/30/23",NA,"9.71","< 0.2","18.08","31.04","11.7","23.24","48.97","5.8","7.79","5.5","10.2","169.81","1258.23","154.54","72.71","3.4","3.79","127.36","0.47","7.31","3.06","523.3","9.7","82.7","8.1"
"37","TRUE","Soil","Project","plastic bag","6/20/23","Goshen Rec Arched Tree","Pilot (Hoffman and team)","Ava, Elizabeth","M18",1,"Soil_M18_1","6/21/23","sent","6/30/23",NA,"3.63","1.08","16.03","22.07","12.11","59.15","119.85","5.2","7.6","4.9","152.04","192.86","799.26","106.83","24.27","13.92","1.92","307.92","0.18","10.27","3","687.28","8.6","62.7","42.2"
"38","TRUE","Soil","Project","plastic bag","6/20/23","Goshen Rec Grass","Pilot (Hoffman and team)","Ava, Elizabeth","M17",1,"Soil_M17_1","6/21/23","sent","6/30/23",NA,"< 3.0","1.19","33.91","32.39","51","53.13","99.07","5.5","7.7","6.5","25.7","193.93","1605.62","212.78","42.32","14.6","4.34","184.51","0.82","9.81","4.71","455.44","12.7","81.1","14.3"
"39","TRUE","Soil","Project","plastic bag","6/20/23","Goshen Stream Davis Mill","Pilot (Hoffman and team)","Ava, Elizabeth","M13",1,"Soil_M13_1","6/21/23","sent","6/30/23",NA,"3.11","0.98","21.29","27.45","22.51","24.55","68.19","5.6","7.81","4.6","8.3","63.77","1366.44","142.01","122.3","4.03","2.88","181.59","0.52","6.92","6.47","480.73","9.7","84.3","7.6"
"40","TRUE","Soil","Project","plastic bag","6/20/23","Goshen Stream Fern Gully","Pilot (Hoffman and team)","Ava, Elizabeth","M16",1,"Soil_M16_1","6/21/23","sent","6/30/23",NA,"< 3.0","0.91","18.77","28.02","20.63","35.61","64.66","4.7","7.1","11.5","11.69","64.96","115.16","60.42","9.26","2.49","1.66","373.66","0.03","18.83","3.57","893.95","8.4","14.8","6.8"
"41","TRUE","Soil","Project","plastic bag","6/20/23","Goshen Stream Glade","Pilot (Hoffman and team)","Ava, Elizabeth","M14",1,"Soil_M14_1","6/21/23","sent","6/30/23",NA,"4.79","0.96","22.93","21.74","19.02","22.35","64.65","5","7.56","5.6","12.44","69.91","671.32","113.5","55.16","3.86","2.19","172.14","0.18","8.6","4.46","639.72","8","56","8.1"
"42","TRUE","Soil","Project","plastic bag","6/20/23","Goshen Stream Seneca Trailhead","Pilot (Hoffman and team)","Ava, Elizabeth","M15",1,"Soil_M15_1","6/21/23","sent","6/30/23",NA,"< 3.0","0.9","20.79","19.15","16.04","21.55","54.52","6.4","7.83","3.8","47.19","272.9","1405.53","110.35","39.61","1.88","1.9","137.51","0.59","10.15","4.14","630.94","10","86.4","18.6"
"43","TRUE","Soil","Project","plastic bag","6/21/23","Cabin John Conifers","Pilot (Hoffman and team)","Ava, Elizabeth","M24",1,"Soil_M24_1","6/21/23","sent","6/30/23",NA,"3.56","0.31","83.52","14.97","28.42","28.63","66.14","6","7.73","4.8","5.51","184.3","917.74","274.97","148.81","2.7","1.23","115.71","0.6","6.26","3.29","520.97","9.5","77.3","6.5"
"44","TRUE","Soil","Project","plastic bag","6/21/23","Cabin John Tai Chi Court","Pilot (Hoffman and team)","Ava, Elizabeth","M23",1,"Soil_M23_1","6/21/23","sent","6/30/23",NA,"3.36","0.44","51.46","18.95","24.71","54.98","70.75","6","7.79","5.1","8.14","171.86","1391.94","224.92","132.97","6.25","2.75","147.41","1.3","7.53","4.38","465.19","11","84.7","7.7"
"45","TRUE","Soil","Project","plastic bag","6/21/23","Farm Park Bird Field","Pilot (Hoffman and team)","Ava, Elizabeth","M19",1,"Soil_M19_1","6/21/23","sent","6/30/23",NA,"4.89","1.1","50.65","47.34","22.68","50.75","136.88","5.7","7.64","6","132.46","128.51","1259.5","156.73","21.95","22.7","8.69","308.55","0.27","11.06","8","586.81","10.8","73.4","41.9"
"46","TRUE","Soil","Project","plastic bag","6/21/23","Farm Park Farmhouse","Pilot (Hoffman and team)","Ava, Elizabeth","M21",1,"Soil_M21_1","6/21/23","sent","6/30/23",NA,"3.49","0.27","26.42","30.52","17.31","30.42","77.64","5.3","7.59","5.6","27.92","183.39","756.42","109.82","50.87","5.56","2.32","106.93","0.26","13.26","3.71","625.83","8.4","61.2","13.1"
"47","TRUE","Soil","Project","plastic bag","6/21/23","Farm Park Spice Bush Thicket","Pilot (Hoffman and team)","Ava, Elizabeth","M22",1,"Soil_M22_1","6/21/23","sent","6/30/23",NA,"5.83","0.37","24.95","28.96","17","34.19","70.43","5.3","7.64","5.2","20.68","180.73","840.06","141.15","50.44","4.53","2.84","103.21","0.39","8.73","3.13","654.19","8.7","67","10.6"
"48","TRUE","Soil","Project","plastic bag","6/21/23","Farm Park Stream Side","Pilot (Hoffman and team)","Ava, Elizabeth","M20",1,"Soil_M20_1","6/21/23","sent","6/30/23",NA,"4.49","0.6","57.32","53.43","18.64","65.61","71.66","5","7.32","6","185.26","65.04","504.29","76.92","18.84","7.14","7.18","510.09","0.03","12.47","7.13","723.9","8.8","38","44.1"
"49","TRUE","Soil","Project","plastic bag","8/14/23","Fred Hutch Arnold Yard","Pilot (Hoffman and team)","Ava Hoffman, Elizabeth Humphries, Natalie Kucher, Jeff Leek, Sidd Pratap, Mike Schatz, Joelle Taganna, Carl Pontino, Randon Serikawa, Jenn Vessio, Stephen Mosher, Fred Tan, Shurjo Sen","S01",1,"Soil_S01_1","8/14/23","sent","9/13/24",NA,"4.8","<0.2","32.5","28.8","33.66","22.04","81.47","5.8","7.51","6.6","39.4","55.21","1033.42","125.95","11.31","6.66","5.29","161.67","1.44","13.03","5.69","601.16","18.25","100","61.5"
"50","TRUE","Soil","Project","plastic bag","8/14/23","Fred Hutch Arnold Yard","Pilot (Hoffman and team)","Ava Hoffman, Elizabeth Humphries, Natalie Kucher, Jeff Leek, Sidd Pratap, Mike Schatz, Joelle Taganna, Carl Pontino, Randon Serikawa, Jenn Vessio, Stephen Mosher, Fred Tan, Shurjo Sen","S01",2,"Soil_S01_2","8/14/23","sent","9/13/24",NA,"4.1","<0.2","32","28.1","33.52","21.03","80.63","5.8","7.51","6.7","40.1","54.23","1049.09","127.23","10.96","6.95","5.76","14.72","5.59","213.4","608.07","25.34","49.95","100","267.7"
"51","TRUE","Soil","Project","plastic bag","8/14/23","Fred Hutch Pine Lot","Pilot (Hoffman and team)","Ava Hoffman, Elizabeth Humphries, Mike Schatz, Carl Pontino, Matheus Fernandes, Joelle Taganna, Randon Serikawa, Stephen Mosher, Natalie Kucher","S02",1,"Soil_S02_1","8/14/23","sent","9/13/24",NA,"3.9","0.22","35.5","30.9","27.16","20.65","88.24","5","6.9","22.7","23.9","103.62","1832.66","289.92","35.21","18.74","4.9","168.99","1.43","14.08","5.04","607.52","19.92","100","64.7"
"52","TRUE","Soil","Project","plastic bag","8/14/23","Fred Hutch Pine Lot","Pilot (Hoffman and team)","Ava Hoffman, Elizabeth Humphries, Mike Schatz, Carl Pontino, Matheus Fernandes, Joelle Taganna, Randon Serikawa, Stephen Mosher, Natalie Kucher","S02",2,"Soil_S02_2","8/14/23","sent","9/13/24",NA,"4","<0.2","34.3","31.6","27.33","19.78","86.48","5","6.93","24.5","25.7","100.49","1853.63","294.63","35.88","19.16","5.15","123.36","2","18.11","3.64","422.31","23.82","100","47.3"
"53","TRUE","Soil","Project","plastic bag","11/3/23","EPCC TX MdP Rep 1","Maria Alvarez","EPCC Rise to the Challenge Bridge Interns","E01",1,"Soil_E01_1","11/10/23","sent","9/13/24",NA,"<3.0","< 0.2","3.6","2.2","3.23","4.5","13.43","7.8","8.01","0.3","4.1","155.46","6568.81","278.07","15.6","0.65","0.37","38.14","0.32","10.65","15.04","147.65","4.23","100","67.5"
"54","TRUE","Soil","Project","plastic bag","11/3/23","EPCC TX MdP Rep 2","Maria Alvarez","EPCC Rise to the Challenge Bridge Interns","E01",2,"Soil_E01_2","11/10/23","sent","9/13/24",NA,"<3.0","< 0.2","5","2.4","3.5","4.49","15.5","8.7","8.09","0.3","3.8","152.66","6547.88","272.65","15.22","0.62","0.35","34.81","1.04","14.4","27.8","150.04","6.4","100","104.4"
"55","TRUE","Soil","Project","plastic bag","12/2/23","NOVA  Alexandria 1","Andrew Lee","Rachel Marie Ametin, Joceph Duncan, Noha Elnawam, Sarah-Leila Kaci","A01",1,"Soil_A01_1","12/6/23","sent","9/13/24",NA,"4","< 0.2","10.8","5.6","4.96","38.1","22.25","4.2","7.14","9.2","7.1","57.6","207.92","35.23","4.99","3.96","0.92","139.2","0.76","4.08","4.52","369.81","8.49","84.9","17.9"
"56","TRUE","Soil","Project","plastic bag","12/2/23","NOVA  Alexandria 2","Andrew Lee","Rachel Marie Ametin, Joceph Duncan, Noha Elnawam, Sarah-Leila Kaci","A01",2,"Soil_A01_2","12/6/23","sent","9/13/24",NA,"4.9","< 0.2","11.9","6.3","5.43","40.91","23.27","4.1","7.13","8.7","6.1","53.8","204.61","33.61","3.91","3.81","0.88","38.21","0.89","9.67","42.15","116.09","5.9","100","58.9"
"57","TRUE","Soil","Project","plastic bag","11/7/23","CCCSE rep 1","Malachi Whitford","Clovis Community College Fall 2023 Environmental Science Class","F01",1,"Soil_F01_1","12/21/23","sent","9/13/24",NA,"< 3.0","<0.2","4.1","2.9","2.8","3.19","76.03","7.5","8.08","0.3","6.4","38.23","820.86","131.48","26.54","0.59","0.29","48.57","0.71","22.67","61.51","147.38","5.3","100","12.3"
"58","TRUE","Soil","Project","plastic bag","11/7/23","CCCSE rep 2","Malachi Whitford","Clovis Community College Fall 2023 Environmental Science Class","F01",2,"Soil_F01_2","12/21/23","sent","9/13/24",NA,"< 3.0","<0.2","5.3","< 2.0","3.03","3","74.74","7.7","8.11","0.3","3.4","31.2","722.24","117.45","22.98","0.68","0.19","134.9","2.11","17.82","14.34","722.87","19.61","100","43.6"
"59","TRUE","Soil","Project","plastic bag","12/10/23","Fallow Field Caruthers, CA rep 1","Malachi Whitford","Grace Freymiller","F03",1,"Soil_F03_1","12/21/23","sent","9/13/24",NA,"< 3.0","<0.2","6.2","6.4","4.61","5.53","27.12","7.1","8.01","0.9","29.1","128.76","715.2","59.14","29.37","2.45","1.03","138.88","0.76","7.7","6.52","248.92","7.7","85.4","9.5"
"60","TRUE","Soil","Project","plastic bag","12/10/23","Fallow Field Caruthers, CA rep 2","Malachi Whitford","Grace Freymiller","F03",2,"Soil_F03_2","12/21/23","sent","9/13/24",NA,"< 3.0","<0.2","7.6","5.8","5.25","4.78","25.03","6.9","8.01","1","31.6","141.41","672.61","62.77","31.56","2.44","0.72","44.58","0.41","6.53","4.79","122.73","4.4","100","46.4"
"61","TRUE","Soil","Project","plastic bag","12/10/23","Organic Vineyard rep 1","Malachi Whitford","Grace Freymiller","F02",1,"Soil_F02_1","12/21/23","sent","9/13/24",NA,"< 3.0","<0.2","7.3","6","4.75","3.12","21.58","7.5","8.06","1.1","80.4","154.8","1063.89","81.97","39.65","2.36","1.2","138.61","0.51","4.19","3.84","403.25","8.4","85.7","20.5"
"62","TRUE","Soil","Project","plastic bag","12/10/23","Organic Vineyard rep 2","Malachi Whitford","Grace Freymiller","F02",2,"Soil_F02_2","12/21/23","sent","9/13/24",NA,"< 3.0","<0.2","8.1","7.2","5.42","3.62","22.78","7.4","8.05","1.1","84.9","166.59","1092.01","86.22","42.28","2.33","1.15","132.53","0.71","4.54","4.28","377.73","11.03","86.2","19.7"
"63","TRUE","Soil","Project","plastic bag","12/10/23","Rural Home Lawn Caruthers, CA rep 1","Malachi Whitford","Grace Freymiller","F04",1,"Soil_F04_1","12/21/23","sent","9/13/24",NA,"< 3.0","<0.2","6.4","5.5","5.46","7.27","36.07","7.8","8.09","1.5","45.7","121.44","1068.3","83.38","32.24","10.79","0.97","47.78","0.41","6.55","4.68","131.13","4.25","100","47"
"64","TRUE","Soil","Project","plastic bag","12/10/23","Rural Home Lawn Caruthers, CA rep 2","Malachi Whitford","Grace Freymiller","F04",2,"Soil_F04_2","12/21/23","sent","9/13/24",NA,"< 3.0","<0.2","7.1","5.8","4.88","6.6","34.5","8","8.08","1.5","35.3","105.23","991.48","80.81","33.35","9.54","0.98","152.01","0.59","3.89","4.55","391.98","8.71","85.3","16.6"
"65","TRUE","Soil","Project","plastic bag","12/10/23","Vineyard Pesticide Buffer rep 1","Malachi Whitford","Grace Freymiller","F05",1,"Soil_F05_1","12/21/23","sent","9/13/24",NA,"< 3.0","<0.2","2.2","2.3","1.46","0.97","7.46","6.9","8.03","1","50.4","145.53","670.67","59.86","31.57","3.36","1.81","39.14","0.51","21.29","54.78","123.8","4.67","100","9.5"
"66","TRUE","Soil","Project","plastic bag","12/10/23","Vineyard Pesticide Buffer rep 2","Malachi Whitford","Grace Freymiller","F05",2,"Soil_F05_2","12/21/23","sent","9/13/24",NA,"< 3.0","<0.2","7.2","8.4","5.17","3.81","26.97","6.9","8.04","1.1","55.1","175.86","764.86","68.43","35.3","3.69","1.99","104.07","0.39","5.48","2.6","206.33","3.64","64.9","15.3"
"67","TRUE","Soil","Project","plastic bag","12/15/23","MMC Amphitheater A","Sidd Pratap","Claude Albritton, Destiny Ball, Sydney Jamison, Lincoln Liburd II, Arjun Pratap","N03",1,"Soil_N03_1","1/8/24","sent","9/13/24",NA,"8.9","0.2","19.2","13.1","14.58","23.52","81.21","7.5","7.87","6.4","234.3","244.29","3567.47","216.24","98.59","15.16","2.59","121.8","2.32","13.2","17.95","277.55","17.9","100","90.1"
"68","TRUE","Soil","Project","plastic bag","12/15/23","MMC Amphitheater B","Sidd Pratap","Claude Albritton, Destiny Ball, Sydney Jamison, Lincoln Liburd II, Arjun Pratap","N03",2,"Soil_N03_2","1/8/24","sent","9/13/24",NA,"8.4","<0.2","15.5","12","13","22.12","77.18","7.5","7.88","6.4","221.5","228.82","3461.68","207.66","85.97","14.62","2.43","193.35","0.49","13.75","3.81","575.98","6.55","36.5","7.7"
"69","TRUE","Soil","Project","plastic bag","12/15/23","MMC Brown Hall A","Sidd Pratap","Claude Albritton, Destiny Ball, Sydney Jamison, Lincoln Liburd II, Arjun Pratap","N04",1,"Soil_N04_1","1/8/24","sent","9/13/24",NA,"12.7","0.65","21","25.8","20.05","89.54","753.54","7.3","7.8","8.1","301.7","342.54","3652.44","245.26","47.36","320.63","4.72","91.43","0.62","7.21","3.71","584.7","7.98","81","23.5"
"70","TRUE","Soil","Project","plastic bag","12/15/23","MMC Brown Hall B","Sidd Pratap","Claude Albritton, Destiny Ball, Sydney Jamison, Lincoln Liburd II, Arjun Pratap","N04",2,"Soil_N04_2","1/8/24","sent","9/13/24",NA,"12","0.71","22.6","24.4","21.03","96.11","820.87","7.3","7.81","7.5","310.2","362.51","3739.45","248.94","38.8","308","4.71","26.84","1.46","7.57","12.41","241.68","38.33","100","12.9"
"71","TRUE","Soil","Project","plastic bag","12/15/23","MMC Hospital A","Sidd Pratap","Claude Albritton, Destiny Ball, Sydney Jamison, Lincoln Liburd II, Arjun Pratap","N02",1,"Soil_N02_1","1/8/24","sent","9/13/24",NA,"12.2","0.49","20.9","22.8","18.82","92.77","144.46","7.8","7.92","11","225","255.13","4918.77","197.16","73.32","22.77","3.75","59.11","1.59","10.58","15.39","267.03","20.8","100","59.2"
"72","TRUE","Soil","Project","plastic bag","12/15/23","MMC Hospital B","Sidd Pratap","Claude Albritton, Destiny Ball, Sydney Jamison, Lincoln Liburd II, Arjun Pratap","N02",2,"Soil_N02_2","1/8/24","sent","9/13/24",NA,"11.5","0.51","22.2","23.1","19.26","91","147.21","7.8","7.92","11.5","231.9","260.57","5147.16","203.5","82.35","23.42","4.02","13.46","3.06","99.48","306.85","51.53","36.71","100","216.9"
"73","TRUE","Soil","Project","plastic bag","12/15/23","MMC LRC A","Sidd Pratap","Claude Albritton, Destiny Ball, Sydney Jamison, Lincoln Liburd II, Arjun Pratap","N05",1,"Soil_N05_1","1/8/24","sent","9/13/24",NA,"12.7","0.48","24.2","20","20.21","82.67","156.56","7.1","7.76","6.3","238.6","236","2857.16","207.79","76.13","25.76","3.37","120.6","1.02","24.52","4.38","256.82","11.12","96.4","31.9"
"74","TRUE","Soil","Project","plastic bag","12/15/23","MMC LRC B","Sidd Pratap","Claude Albritton, Destiny Ball, Sydney Jamison, Lincoln Liburd II, Arjun Pratap","N05",2,"Soil_N05_2","1/8/24","sent","9/13/24",NA,"11.4","0.45","19.5","19","18.9","80.83","131.17","7.2","7.79","6.4","253.4","253.14","3051.14","224.95","81.01","25.55","3.64","74.27","1.23","8.08","24.49","379.75","16.23","100","45.3"
"75","TRUE","Soil","Project","plastic bag","12/15/23","MMC West Basic A","Sidd Pratap","Claude Albritton, Destiny Ball, Sydney Jamison, Lincoln Liburd II, Arjun Pratap","N01",1,"Soil_N01_1","1/8/24","sent","9/13/24",NA,"9.9","0.44","19.5","18.3","17.72","72.98","130.51","7.7","7.79","6.5","199.8","176.49","3565.21","196.85","96.01","26.06","3.44","77.45","1.25","8.68","25.13","399.74","16.95","100","45.7"
"76","TRUE","Soil","Project","plastic bag","12/15/23","MMC West Basic B","Sidd Pratap","Claude Albritton, Destiny Ball, Sydney Jamison, Lincoln Liburd II, Arjun Pratap","N01",2,"Soil_N01_2","1/8/24","sent","9/13/24",NA,"9.7","0.46","21.2","18.3","18.78","69.6","135.28","7.6","7.8","6.6","186.7","171.14","3255.36","183.67","88.37","23.17","3","33.19","4.53","184.96","1257.72","10.59","45.07","100","468.9"
"77","TRUE","Soil","Project","plastic bag","1/2/24","VSU Site 1 rep 1","Xianfa Xie","Xianfa Xie, Michael Marone","P01",1,"Soil_P01_1","1/8/24","sent","9/13/24",NA,"< 3.0","<0.2","5.7","3.3","2.35","10.98","11.82","5.6","7.86","1.7","20.8","57.58","374.83","81.54","44.69","3.45","0.51","40.86","0.53","13.74","16","162.11","4.85","100","67.4"
"78","TRUE","Soil","Project","plastic bag","1/2/24","VSU Site 1 rep 2","Xianfa Xie","Xianfa Xie, Michael Marone","P01",2,"Soil_P01_2","1/8/24","sent","9/13/24",NA,"< 3.0","<0.2","8.5","3","2.07","8.96","9.46","5.2","7.84","1.6","13.4","49.23","318.18","77.67","41.96","3","0.44","37.17","0.97","14.6","29.08","158.08","6.61","100","104.5"
"79","TRUE","Soil","Project","plastic bag","1/2/24","VSU Site 2 rep 1","Xianfa Xie","Xianfa Xie, Michael Marone","P02",1,"Soil_P02_1","1/8/24","sent","9/13/24",NA,"10.4","0.22","17.2","105","19.22","83.67","64.62","7.1","7.98","13","83.2","93.6","3237.18","307.47","7.63","7.98","10.33","35.66","0.8","37.32","22.35","46.91","51.13","100","92.8"
"80","TRUE","Soil","Project","plastic bag","1/2/24","VSU Site 2 rep 2","Xianfa Xie","Xianfa Xie, Michael Marone","P02",2,"Soil_P02_2","1/8/24","sent","9/13/24",NA,"9.7","0.22","14.2","92.7","16.98","74.17","56.74","7.2","8","13.6","99.4","118.98","4066.52","382.42","8.61","10.11","12.77","172.18","2.31","22.88","4.51","383.76","26.89","100","104.4"
"81","TRUE","Soil","Project","plastic bag","1/3/24","VSU Site 3 rep 1","Xianfa Xie","Michael Marone","P03",1,"Soil_P03_1","1/8/24","sent","9/13/24",NA,"3.3","<0.2","18.8","18.4","14.98","37.59","72.8","6.3","7.95","9","41.6","91.68","1825.25","163.01","27.06","11.74","3.75","138.97","0.82","9.03","4.3","532.51","7.85","65.4","13.8"
"82","TRUE","Soil","Project","plastic bag","1/3/24","VSU Site 3 rep 2","Xianfa Xie","Michael Marone","P03",2,"Soil_P03_2","1/8/24","sent","9/13/24",NA,"3.5","<0.2","21.7","21.1","17.22","39.18","78.8","6.1","7.89","12","51.4","104.39","1903.14","171.15","31.2","13.15","4.01","121.73","1.16","29.95","5.26","246.81","12.09","92.7","39.4"
"83","TRUE","Soil","Project","plastic bag","1/3/24","VSU Site 4 rep 1","Xianfa Xie","Michael Marone","P04",1,"Soil_P04_1","1/8/24","sent","9/13/24",NA,"< 3.0","<0.2","10.4","8.8","5.1","15.65","28.8","5.6","7.77","2.8","10.3","77.75","830.19","162.3","121.43","5.99","2.35","97.74","0.32","5.74","2.29","214.43","3.82","70.7","21"
"84","TRUE","Soil","Project","plastic bag","1/3/24","VSU Site 4 rep 2","Xianfa Xie","Michael Marone","P04",2,"Soil_P04_2","1/8/24","sent","9/13/24",NA,"< 3.0","<0.2","10.6","10","5.21","15.61","29.38","5.2","7.72","2.7","10.7","79.04","834.44","164.22","127.55","6.25","2.41","238.42","0.52","9.24","5.13","266.99","7.98","71.9","10.4"
"85","TRUE","Soil","Project","plastic bag","1/4/24","VSU Site 5 rep 1","Xianfa Xie","Xianfa Xie, Michael Marone","P05",1,"Soil_P05_1","1/8/24","sent","9/13/24",NA,"< 3.0","<0.2","13.2","6.5","4.7","18.31","19.57","6.8","7.9","1.4","18","66.8","922.15","78.05","31.82","2.23","1.48","36.12","1.08","10.74","43.92","108.86","6.35","100","79.5"
"86","TRUE","Soil","Project","plastic bag","1/4/24","VSU Site 5 rep 2","Xianfa Xie","Xianfa Xie, Michael Marone","P05",2,"Soil_P05_2","1/8/24","sent","9/13/24",NA,"3.2","<0.2","14.5","8.2","5.73","18.81","23.01","7","7.95","1.4","13","70.78","950.58","79.35","34.73","1.89","1.49","135.28","0.76","8.12","7.01","251.75","7.88","87.8","9.7"
"87","TRUE","Soil","Project","plastic bag","12/7/23","UTEP Hill Rep 1","Sourav Roy","Frida Delgadillo, Armando Jimenez, Keyan Ozuna","E02",1,"Soil_E02_1","1/9/24","sent","9/13/24",NA,"26.5","5.34","7.6","229.7","7.68","229.98","193.89","8.6","8.04","0.9","27.3","154.29","9851.84","176.61","35.34","21.18","34.83","274.98","0.49","12.6","6.53","526.25","8.91","72.2","11.2"
"88","TRUE","Soil","Project","plastic bag","12/7/23","UTEP Hill Rep 2","Sourav Roy","Frida Delgadillo, Armando Jimenez, Keyan Ozuna","E02",2,"Soil_E02_2","1/9/24","sent","9/13/24",NA,"28.2","5.69","8","225.6","7.79","237.1","198.93","8.6","8.04","1","26.4","147.64","9654.33","170.92","35.12","20.39","33.84","46.93","3.33","181.08","596.37","141.2","28.75","100","163.7"
"89","TRUE","Soil","Project","plastic bag","12/21/23","EP Memorial Park (open area) Rep 1","Sourav Roy","Frida Delgadillo, Armando Jimenez","E05",1,"Soil_E05_1","1/9/24","sent","9/13/24",NA,"7.1","1.09","8.4","34.5","6.84","44.86","63.64","8.2","8","1.7","59.4","451.19","6503.5","364.8","46.07","12.66","13.24","121.06","1.45","15.09","3.1","377.86","18.99","100","44.1"
"90","TRUE","Soil","Project","plastic bag","12/21/23","EP Memorial Park (open area) Rep 2","Sourav Roy","Frida Delgadillo, Armando Jimenez","E05",2,"Soil_E05_2","1/9/24","sent","9/13/24",NA,"6.7","1.05","8.7","33.7","7.19","44.86","64.31","8.1","8.01","1.6","61.3","493.65","6731.06","392.87","52.26","12.88","13.05","168.86","1.37","14.35","4.49","574.88","17.78","100","84.6"
"91","TRUE","Soil","Project","plastic bag","12/21/23","EP Memorial Park Rep 1","Sourav Roy","Frida Delgadillo, Armando Jimenez","E04",1,"Soil_E04_1","1/9/24","sent","9/13/24",NA,"7.2","1.1","8.3","35.6","7.33","63.34","80.29","8.2","8.02","2","40.4","626.96","8380.43","420.31","37.92","15.24","13.12","110.41","1.24","16.92","3.95","647.85","21.18","100","93.8"
"92","TRUE","Soil","Project","plastic bag","12/21/23","EP Memorial Park Rep 2","Sourav Roy","Frida Delgadillo, Armando Jimenez","E04",2,"Soil_E04_2","1/9/24","sent","9/13/24",NA,"6.9","1","8.8","34.2","7.2","59.64","78.04","8.1","8.03","2.1","41.2","675.27","8879.44","458.35","41.16","15.68","13.47","157.4","1.31","13.31","4.13","537.71","16.62","100","85.2"
"93","TRUE","Soil","Project","plastic bag","12/21/23","EP Mundy Park Rep 1","Sourav Roy","Frida Delgadillo, Armando Jimenez","E03",1,"Soil_E03_1","1/9/24","sent","9/13/24",NA,"15.8","7.07","13.6","201.2","8.7","274.58","226.62","8","8.02","2.2","121.6","416.21","4744.76","343.2","35.64","72.12","101.99","36.3","0.7","35.31","15.5","48.15","50.07","100","87.8"
"94","TRUE","Soil","Project","plastic bag","12/21/23","EP Mundy Park Rep 2","Sourav Roy","Frida Delgadillo, Armando Jimenez","E03",2,"Soil_E03_2","1/9/24","sent","9/13/24",NA,"16","7.32","14.7","212.5","9.22","291.76","233.67","8","8.02","2.1","125.8","443.48","4930.73","355.46","36.11","77.73","111.63","46.02","3.31","170.2","547.94","138.72","27.65","100","161.2"
"95","TRUE","Soil","Project","plastic bag","12/22/23","EP Ascarate Park Picnic Area Rep 1","Sourav Roy","Frida Delgadillo, Keyan Ozuna","E06",1,"Soil_E06_1","1/9/24","sent","9/13/24",NA,"4.2","0.47","9.2","26.5","8.12","25.24","45.95","8.4","8.06","1.5","70","640.86","8033.34","593.65","67.82","7.51","11.4","62.13","1.53","11.09","16.19","284.92","21.91","100","57.7"
"96","TRUE","Soil","Project","plastic bag","12/22/23","EP Ascarate Park Picnic Area Rep 2","Sourav Roy","Frida Delgadillo, Keyan Ozuna","E06",2,"Soil_E06_2","1/9/24","sent","9/13/24",NA,"4.4","0.52","10.1","28.4","8.73","25.59","48.53","8.6","8.06","1.6","59.6","611.74","7757.08","566.18","69.55","6.88","10.84","13.76","4.94","214.8","558.82","22.46","47.01","100","292.6"
"97","TRUE","Soil","Project","plastic bag","7/10/24","Ozone Garden Rep 1","Joslynn Lee","Natalie, Joslynn, Jordan","D01",1,"Soil_D01_1","7/23/24","sent","9/13/24",NA,"6.8","0.26","14.7","15.45","13.13","44.02","84.72","7.9","7.94","3","77.9","253.69","3574.83","273.47","88.12","11.47","2.17","277.12","0.74","8.65","45.58","421.38","20.64","57.4","13.5"
"98","TRUE","Soil","Project","plastic bag","7/10/24","Ozone Garden Rep 2","Joslynn Lee","Natalie, Joslynn, Jordan","D01",2,"Soil_D01_2","7/23/24","sent","9/13/24",NA,"7","0.34","14.7","16","13.28","50.53","85.67","7.9","7.95","3.1","80.8","265.9","3772.4","283.51","94.63","11.72","2.27","219.42","0.54","11.5","21.85","938.37","10.36","62.2","12.5"
"99","TRUE","Soil","Project","plastic bag","7/12/24","Food Forest Rep 1","Joslynn Lee","Natalie, Joslynn, Jordan","D02",1,"Soil_D02_1","7/23/24","sent","9/13/24",NA,"8","0.29","21","14.87","14.06","36.02","61.54","7.3","7.87","2.9","81.8","251.1","2596.22","312.58","98.28","4.18","2.03","237.31","1.17","15.6","9.56","266.85","10.61","100","11.4"
"100","TRUE","Soil","Project","plastic bag","7/12/24","Food Forest Rep 2","Joslynn Lee","Natalie, Joslynn, Jordan","D02",2,"Soil_D02_2","7/23/24","sent","9/13/24",NA,"7","0.29","16","14.8","13.59","25.81","57.6","7.3","7.87","2.9","86.8","258.61","2714.22","325.35","104.99","4.46","2.16","60.3","0.47","43.07","16.39","466.71","5.6","100","10"
"101","TRUE","Soil","Project","plastic bag","7/17/24","Bluecorn Rep 1","Joslynn Lee","Natalie, Joslynn, Jordan","D03",1,"Soil_D03_1","7/23/24","sent","9/13/24",NA,"6","<0.2","11.2","17.06","9.18","16.2","46.28","7.2","7.86","3.6","71.4","256.11","2439.66","368.75","46.53","4.88","3.69","32.05","4.49","209.39","1323.31","17.12","46.76","100","450"
"102","TRUE","Soil","Project","plastic bag","7/17/24","Bluecorn Rep 2","Joslynn Lee","Natalie, Joslynn, Jordan","D03",2,"Soil_D03_2","7/23/24","sent","9/13/24",NA,"5.4","<0.2","12","16.8","9.31","15.79","46.85","7.2","7.85","3.7","70.4","247.16","2327.39","351.13","45.37","4.62","3.64","156.36","1.77","19.51","4.61","468.18","19.63","100","89"
"103","TRUE","Soil","Project","plastic bag","7/17/24","Grassy Creek Rep 1","Joslynn Lee","Natalie, Joslynn, Jordan","D04",1,"Soil_D04_1","7/23/24","sent","9/13/24",NA,"5.2","0.22","11.5","24.61","9.31","16.64","52.83","7.4","7.88","4.5","138.8","903.61","2507.59","365.21","76.41","6.31","5.31","91.76","0.67","6.88","3.39","566.54","7.83","80.6","23.1"
"104","TRUE","Soil","Project","plastic bag","7/17/24","Grassy Creek Rep 2","Joslynn Lee","Natalie, Joslynn, Jordan","D04",2,"Soil_D04_2","7/23/24","sent","9/13/24",NA,"5.3","0.21","11.1","23.8","8.94","15.91","48.46","7.4","7.89","4.7","142.2","911.74","2486.7","366.12","74.4","6.5","5.38","25.83","1.45","7.03","11.73","234.41","35.56","100","12.9"
"105","TRUE","Soil","Project","plastic bag","7/23/24","FLC Rim Rep 1","Joslynn Lee","Natalie","D05",1,"Soil_D05_1","7/23/24","sent","9/13/24",NA,"13.1","1","25.2","23.6","20.75","46.84","86.12","8.1","7.87","3","10","116.15","6587.79","279.35","54.93","2.76","2.53","14.18","3.12","102.79","332.66","56.42","38.19","100","205.5"
"106","TRUE","Soil","Project","plastic bag","7/23/24","FLC Rim Rep 2","Joslynn Lee","Natalie","D05",2,"Soil_D05_2","7/23/24","sent","9/13/24",NA,"13","0.98","25.3","22.1","20.79","48.56","85.6","8.1","7.87","2.8","10.3","124.36","7110.1","295.37","57.66","2.97","2.63","456.31","0.13","15.01","5.3","805.2","8.4","17.2","5.8"
"107","TRUE","Soil","Project","plastic bag","11/29/23","Site A Rep 1","Mentewab Ayalew","Dr. Mentewab Ayalew, Natajha Graham","GA01",1,"Soil_GA01_1","8/22/24","sent","9/13/24",NA,"<3.0","< 0.2","5.5","4.6","3","35.94","64.13","5.5","7.66","4.2","26.8","99.62","803.08","103.13","41.71","16.46","1.63","8.95","0.98","7.39","10.19","0.11","35.4","100","182.6"
"108","TRUE","Soil","Project","plastic bag","11/29/23","Site A Rep 2","Mentewab Ayalew","Dr. Mentewab Ayalew, Natajha Graham","GA01",2,"Soil_GA01_2","8/22/24","sent","9/13/24",NA,"<3.0","< 0.2","5.9","4.8","3.18","37.57","64.81","5.5","7.67","4.1","25.4","104.27","795.13","100.5","40.77","16.41","1.62","13.56","0.76","7.46","10.13","0.65","35.56","100","123.7"
"109","TRUE","Soil","Project","plastic bag","11/29/23","Site B Rep 1","Mentewab Ayalew","Dr. Mentewab Ayalew, Natajha Graham","GA02",1,"Soil_GA02_1","8/22/24","sent","9/13/24",NA,"<3.0","< 0.2","7.2","16.2","3.89","49.98","103.22","6.1","7.81","2.6","54.8","71.71","1102.31","73.98","32.17","17.1","7.93","207.93","0.52","11.22","22.29","880.7","10.28","61.9","12.9"
"110","TRUE","Soil","Project","plastic bag","11/29/23","Site B Rep 2","Mentewab Ayalew","Dr. Mentewab Ayalew, Natajha Graham","GA02",2,"Soil_GA02_2","8/22/24","sent","9/13/24",NA,"3.3","< 0.2","6.6","17","3.11","50","98.84","6.3","7.81","2.7","57.5","74.7","1128.05","75.5","31.08","17.21","8.2","174.29","1.75","20.74","4.91","505.48","20.27","100","86.9"
"111","TRUE","Soil","Project","plastic bag","11/29/23","Site C Rep 1","Mentewab Ayalew","Dr. Mentewab Ayalew, Natajha Graham","GA03",1,"Soil_GA03_1","8/22/24","sent","9/13/24",NA,"27.1","3","34.6","257.3","39.81","1524.06","1069.26","7.4","7.89","6.1","147.6","105.97","3627.06","100.98","20.53","301.18","46.53","235.51","1.2","13.84","10.08","714.36","12.98","81.5","29.9"
"112","TRUE","Soil","Project","plastic bag","11/29/23","Site C Rep 2","Mentewab Ayalew","Dr. Mentewab Ayalew, Natajha Graham","GA03",2,"Soil_GA03_2","8/22/24","sent","9/13/24",NA,"25.5","3.24","38.3","326.5","40.53","2709.41","1199.62","7.5","7.9","5.9","148.6","105.38","3701.01","100.54","20.64","312.23","43.53","132.74","2.18","15.29","12.54","903.79","17.64","100","43.2"
"113","TRUE","Soil","Project","plastic bag","11/29/23","Site D Rep 1","Mentewab Ayalew","Dr. Mentewab Ayalew, Natajha Graham","GA04",1,"Soil_GA04_1","8/22/24","sent","9/13/24",NA,"25.6","2.95","44.7","1004.6","36.68","1339.62","1151.59","7.3","7.82","6.3","180.5","119.47","3297.51","101.48","15.93","272.59","46.99","142.33","1.83","17.75","14.04","705.55","19.25","100","44.1"
"114","TRUE","Soil","Project","plastic bag","11/29/23","Site D Rep 2","Mentewab Ayalew","Dr. Mentewab Ayalew, Natajha Graham","GA04",2,"Soil_GA04_2","8/22/24","sent","9/13/24",NA,"23.2","2.6","40.4","293.6","35.45","1124.07","980.78","7.3","7.84","6.9","181.1","128.41","3502.74","107.52","16.81","282.48","50.52","128.59","2.3","16.88","13.36","934.8","18.74","100","42.2"
"115","TRUE","Soil","Project","plastic bag","8/28/24","Miss #1 rep #1","Mel Melendrez-Vallard","Mel Melendrez-Vallard (Myself), Zainab Aljabri, Ellie Anderson, Yasmeen Balayah, Jesse Blick, Aisha Hager, Nadira Haji, Sydney Hoffman, Analyse Keeton, Karwitha ""Beatrice"" Mamae, Jaret Thompson, Isabella Torres","MS01",1,"Soil_MS01_1","9/3/24","sent","9/13/24",NA,"<3.0","< 0.2","14.4","11.6","12.4","7.43","27.38","6.2","7.81","2.6","32.3","76.32","1489.79","223.74","54.32","3.71","1.89","117.75","2.2","13.41","17.99","274.02","17.82","100","93.7"
"116","TRUE","Soil","Project","plastic bag","8/28/24","Miss #1 rep #2","Mel Melendrez-Vallard","Mel Melendrez-Vallard (Myself), Zainab Aljabri, Ellie Anderson, Yasmeen Balayah, Jesse Blick, Aisha Hager, Nadira Haji, Sydney Hoffman, Analyse Keeton, Karwitha ""Beatrice"" Mamae, Jaret Thompson, Isabella Torres","MS01",2,"Soil_MS01_2","9/3/24","sent","9/13/24",NA,"<3.0","< 0.2","15","11.4","12.61","7.29","26.41","6.2","7.83","2.7","29.3","68.73","1340.64","200.72","46.07","3.44","1.77","213.58","1.63","11.53","20.84","277.54","15.2","100","42.9"
"117","TRUE","Soil","Project","plastic bag","8/28/24","Miss #2 rep #1","Mel Melendrez-Vallard","Mel Melendrez-Vallard (Myself), Zainab Aljabri, Ellie Anderson, Yasmeen Balayah, Jesse Blick, Aisha Hager, Nadira Haji, Sydney Hoffman, Analyse Keeton, Karwitha ""Beatrice"" Mamae, Jaret Thompson, Isabella Torres","MS02",2,"Soil_MS02_2","9/3/24","sent","9/13/24",NA,"<3.0","< 0.2","12.4","9.8","13.22","6.23","22.75","6.4","7.85","2.4","33.8","79.44","1054.8","157.07","42.57","1.96","1.52","190.43","0.4","13.71","3.98","563.05","6.44","36.7","8"
"118","TRUE","Soil","Project","plastic bag","8/28/24","Miss #2 rep #2","Mel Melendrez-Vallard","Mel Melendrez-Vallard (Myself), Zainab Aljabri, Ellie Anderson, Yasmeen Balayah, Jesse Blick, Aisha Hager, Nadira Haji, Sydney Hoffman, Analyse Keeton, Karwitha ""Beatrice"" Mamae, Jaret Thompson, Isabella Torres","MS02",1,"Soil_MS02_1","9/3/24","sent","9/13/24",NA,"<3.0","< 0.2","12.3","9.8","10.86","5.97","22.81","6.4","7.85","2.3","36.1","87.75","1120.05","165.24","46.42","2.22","1.72","224.27","1.09","14.6","9.42","249.23","10.07","100","11.4"
"119","TRUE","Soil","Project","plastic bag","8/28/24","Miss #3 rep #1","Mel Melendrez-Vallard","Mel Melendrez-Vallard (Myself), Zainab Aljabri, Ellie Anderson, Yasmeen Balayah, Jesse Blick, Aisha Hager, Nadira Haji, Sydney Hoffman, Analyse Keeton, Karwitha ""Beatrice"" Mamae, Jaret Thompson, Isabella Torres","MS03",1,"Soil_MS03_1","9/3/24","sent","9/13/24",NA,"<3.0","< 0.2","13.6","11.1","11.52","5.36","24.08","6.1","7.84","2.2","28.2","72.07","1128.17","165.98","49.64","3.27","1.74","226.13","0.45","8.99","5.27","270.27","7.54","75.6","10.2"
"120","TRUE","Soil","Project","plastic bag","8/28/24","Miss #3 rep #2","Mel Melendrez-Vallard","Mel Melendrez-Vallard (Myself), Zainab Aljabri, Ellie Anderson, Yasmeen Balayah, Jesse Blick, Aisha Hager, Nadira Haji, Sydney Hoffman, Analyse Keeton, Karwitha ""Beatrice"" Mamae, Jaret Thompson, Isabella Torres","MS03",2,"Soil_MS03_2","9/3/24","sent","9/13/24",NA,"<3.0","< 0.2","15.6","10.9","12.57","5.53","24.51","6.1","7.84","2.3","27.2","73.7","1159.4","173.17","53.91","3.21","1.81","132.53","0.66","7.59","3.48","277.74","7.16","82.1","10.6"
"121","TRUE","Soil","Project","plastic bag","2/20/24","BP Boat Dock Composite (Enke BP Deck)","Ray Enke","Ray Enke, Myron Blosser, HHS & JMU students","H01",1,"Soil_H01_1","9/3/24","sent","9/13/24",NA,"<3.0","<0.2","11.7","6.8","8.05","7.21","24.59","6.8","7.86","2.6","7.5","40.11","1032.46","157.4","48.17","1.68","0.97","115.66","0.73","3.92","4.14","343.81","9.91","86.3","19.7"
"122","TRUE","Soil","Project","plastic bag","2/20/24","BP Boat Dock Composite (Enke BP Deck)","Ray Enke","Ray Enke, Myron Blosser, HHS & JMU students","H01",2,"Soil_H01_2","9/3/24","sent","9/13/24",NA,"<3.0","<0.2","16.7","6.3","8.17","7.5","23.55","6.8","7.88","2.6","7.9","41.13","1086.99","166.12","45.08","1.77","1.01","133.52","0.47","3.72","3.6","392.88","7.99","85","19.9"
"123","TRUE","Soil","Project","plastic bag","2/20/24","BP Grassland Composite","Ray Enke","Ray Enke, Myron Blosser, HHS & JMU students","H02",1,"Soil_H02_1","9/3/24","sent","9/13/24",NA,"3.5","<0.2","14.4","12","7.85","11.76","38.96","5.8","7.82","2.5","6.8","75.51","794.77","117.02","41.8","3.52","3.07","225.74","1.34","11.78","21.8","294.95","15.93","100","41.2"
"124","TRUE","Soil","Project","plastic bag","2/20/24","BP Grassland Composite","Ray Enke","Ray Enke, Myron Blosser, HHS & JMU students","H02",2,"Soil_H02_2","9/3/24","sent","9/13/24",NA,"3.1","<0.2","13.1","11.5","7.63","11.86","37.3","5.8","7.82","2.4","6.6","75.44","802.54","118.41","41.75","3.52","3.06","138.27","0.66","7.68","3.35","292.59","7.16","82.1","10.4"
"125","TRUE","Soil","Project","plastic bag","2/20/24","BP Park Composite (Enke BP field)","Ray Enke","Ray Enke, Myron Blosser, HHS & JMU students","H03",1,"Soil_H03_1","9/3/24","sent","9/13/24",NA,"3.9","<0.2","17.7","20","10.22","15.83","51.43","6.1","7.84","2.6","10.2","89.38","912.82","130.07","45.64","7.25","6.27","129.1","0.7","8.85","4.39","513.39","7.72","65.8","13.7"
"126","TRUE","Soil","Project","plastic bag","2/20/24","BP Park Composite (Enke BP field)","Ray Enke","Ray Enke, Myron Blosser, HHS & JMU students","H03",2,"Soil_H03_2","9/3/24","sent","9/13/24",NA,"3.6","<0.2","24.9","21.1","9.81","15.61","53.34","6.1","7.84","2.6","10","90.53","911.91","130.42","42.88","7.31","6.23","450.45","0.12","15.64","6.57","825.56","8.36","17.7","5.9"
"127","TRUE","Soil","Project","plastic bag","2/20/24","RP Bank Composite","Ray Enke","Ray Enke, Myron Blosser, HHS & JMU students","H05",1,"Soil_H05_1","9/3/24","sent","9/13/24",NA,"4.1","<0.2","16.3","15.4","10.07","19.39","54.03","7","7.91","3.7","12.7","39.37","1709.31","235.25","50.36","9.3","4.73","297.81","0.87","8.82","44.86","436.12","20.54","58.3","13.7"
"128","TRUE","Soil","Project","plastic bag","2/20/24","RP Bank Composite","Ray Enke","Ray Enke, Myron Blosser, HHS & JMU students","H05",2,"Soil_H05_2","9/3/24","sent","9/13/24",NA,"<3.0","<0.2","15.7","14.7","9.52","13.67","53.49","7","7.92","3.4","11.9","37.76","1622.68","222.86","47.58","8.75","4.29","68.23","0.43","42.2","17.06","466.99","6.23","87.2","12"
"129","TRUE","Soil","Project","plastic bag","2/20/24","RP Woods Composite","Ray Enke","Ray Enke, Myron Blosser, HHS & JMU students","H04",1,"Soil_H04_1","9/3/24","sent","9/13/24",NA,"4.5","<0.2","13","9.3","8.16","16.44","29.6","5","7.48","3.3","10.3","72.61","327.53","67.8","26.04","0.71","1.25","104.95","0.9","6.65","2.51","280.76","6.58","78.1","8.8"
"130","TRUE","Soil","Project","plastic bag","2/20/24","RP Woods Composite","Ray Enke","Ray Enke, Myron Blosser, HHS & JMU students","H04",2,"Soil_H04_2","9/3/24","sent","9/13/24",NA,"4.2","<0.2","14.3","9.6","8.4","15.16","28.68","5","7.49","3.3","11","72.4","323.42","67.06","25.61","0.69","1.26","104.45","0.88","6.59","2.75","276.78","6.63","78.3","8.7"
"131","TRUE","Soil","Project","plastic bag","9/16/24","UCM Memorial Quad & Near SE2 Rep 1 air dried (24 hours)","Michele Nishiguchi","Michele Nishiguchi and Perla Gonzalez Moreno","ME01",1,"Soil_ME01_1","9/30/24","sent","4/18/25",NA,"Not yet tested","Not yet tested","Not yet tested","Not yet tested","Not yet tested","Not yet tested","Not yet tested","Not yet tested","Not yet tested","Not yet tested","Not yet tested","Not yet tested","Not yet tested","Not yet tested","Not yet tested","Not yet tested","Not yet tested","Not yet tested","Not yet tested","Not yet tested","Not yet tested","Not yet tested","Not yet tested","Not yet tested","Not yet tested"
"132","TRUE","Soil","Project","plastic bag","9/16/24","UCM Memorial Quad & Near SE2 Rep 2 untreated","Michele Nishiguchi","Michele Nishiguchi and Perla Gonzalez Moreno","ME01",2,"Soil_ME01_2","9/30/24","sent","4/18/25",NA,"Not yet tested","Not yet tested","Not yet tested","Not yet tested","Not yet tested","Not yet tested","Not yet tested","Not yet tested","Not yet tested","Not yet tested","Not yet tested","Not yet tested","Not yet tested","Not yet tested","Not yet tested","Not yet tested","Not yet tested","Not yet tested","Not yet tested","Not yet tested","Not yet tested","Not yet tested","Not yet tested","Not yet tested","Not yet tested"
"133","GPS OK ; NO SOIL DATA","Soil","Project","plastic bag","12/6/23","Site #1 Science + Tech Building Opportunity Paths Rep 1","Emily Biggane","Emily Biggane, Tanner Veo, Grace Colelay, Nicole Gipp","ND06",1,"Soil_ND06_1","10/24/24","sent","4/18/25",NA,NA,NA,NA,NA,NA,NA,NA,NA,NA,NA,NA,NA,NA,NA,NA,NA,NA,NA,NA,NA,NA,NA,NA,NA,NA
"134","GPS OK ; NO SOIL DATA","Soil","Project","plastic bag","12/6/23","Site #1 Science + Tech Building Opportunity Paths Rep 2","Emily Biggane","Emily Biggane, Tanner Veo, Grace Colelay, Nicole Gipp","ND06",2,"Soil_ND06_2","10/24/24","sent","4/18/25",NA,NA,NA,NA,NA,NA,NA,NA,NA,NA,NA,NA,NA,NA,NA,NA,NA,NA,NA,NA,NA,NA,NA,NA,NA,NA
"135","GPS OK ; NO SOIL DATA","Soil","Project","plastic bag","9/23/24","Sci + Tech East Tree in the Field Rep 1","Emily Biggane","Tristen Alberts, Illiyanah Evans, Amara Martinson, Stella Veo, Emily Biggane","ND04",1,"Soil_ND04_1","10/24/24","sent","4/18/25",NA,NA,NA,NA,NA,NA,NA,NA,NA,NA,NA,NA,NA,NA,NA,NA,NA,NA,NA,NA,NA,NA,NA,NA,NA,NA
"136","GPS OK ; NO SOIL DATA","Soil","Project","plastic bag","9/23/24","Sci + Tech East Tree in the Field Rep 2","Emily Biggane","Tristen Alberts, Illiyanah Evans, Amara Martinson, Stella Veo, Emily Biggane","ND04",2,"Soil_ND04_2","10/24/24","sent","4/18/25",NA,NA,NA,NA,NA,NA,NA,NA,NA,NA,NA,NA,NA,NA,NA,NA,NA,NA,NA,NA,NA,NA,NA,NA,NA,NA
"137","GPS OK ; NO SOIL DATA","Soil","Project","plastic bag","9/23/24","UTTC Shelterbelt South Campus Rep 1","Emily Biggane","Tristen Alberts, Illiyanah Evans, Amara Martinson, Stella Veo, Emily Biggane","ND05",1,"Soil_ND05_1","10/24/24","sent","4/18/25",NA,NA,NA,NA,NA,NA,NA,NA,NA,NA,NA,NA,NA,NA,NA,NA,NA,NA,NA,NA,NA,NA,NA,NA,NA,NA
"138","GPS OK ; NO SOIL DATA","Soil","Project","plastic bag","9/23/24","UTTC Shelterbelt South Campus Rep 2","Emily Biggane","Tristen Alberts, Illiyanah Evans, Amara Martinson, Stella Veo, Emily Biggane","ND05",2,"Soil_ND05_2","10/24/24","sent","4/18/25",NA,NA,NA,NA,NA,NA,NA,NA,NA,NA,NA,NA,NA,NA,NA,NA,NA,NA,NA,NA,NA,NA,NA,NA,NA,NA
"139","GPS OK ; NO SOIL DATA","Soil","Project","plastic bag","9/23/24","UTTC Wetland Transect Sampling Site #1 Rep 1","Emily Biggane","Emily Biggane and Joelle Fox","ND01",1,"Soil_ND01_1","10/24/24","sent","4/18/25",NA,NA,NA,NA,NA,NA,NA,NA,NA,NA,NA,NA,NA,NA,NA,NA,NA,NA,NA,NA,NA,NA,NA,NA,NA,NA
"140","GPS OK ; NO SOIL DATA","Soil","Project","plastic bag","9/23/24","UTTC Wetland Transect Sampling Site #1 Rep 2","Emily Biggane","Emily Biggane and Joelle Fox","ND01",2,"Soil_ND01_2","10/24/24","sent","4/18/25",NA,NA,NA,NA,NA,NA,NA,NA,NA,NA,NA,NA,NA,NA,NA,NA,NA,NA,NA,NA,NA,NA,NA,NA,NA,NA
"141","GPS OK ; NO SOIL DATA","Soil","Project","plastic bag","9/24/24","UTTC Wetland Transect Sampling Site #2 Rep 1","Emily Biggane","Emily Biggane, Joelle Fox, Marshall Smith, Megan Clark-Lowell","ND02",1,"Soil_ND02_1","10/24/24","sent","4/18/25",NA,NA,NA,NA,NA,NA,NA,NA,NA,NA,NA,NA,NA,NA,NA,NA,NA,NA,NA,NA,NA,NA,NA,NA,NA,NA
"142","GPS OK ; NO SOIL DATA","Soil","Project","plastic bag","9/24/24","UTTC Wetland Transect Sampling Site #2 Rep 2","Emily Biggane","Emily Biggane, Joelle Fox, Marshall Smith, Megan Clark-Lowell","ND02",2,"Soil_ND02_2","10/24/24","sent","4/18/25",NA,NA,NA,NA,NA,NA,NA,NA,NA,NA,NA,NA,NA,NA,NA,NA,NA,NA,NA,NA,NA,NA,NA,NA,NA,NA
"143","GPS OK ; NO SOIL DATA","Soil","Project","plastic bag","9/24/24","UTTC Wetland Transect Sampling Site #3 Rep 1","Emily Biggane","Tristen Alberts, Illiyanah Evans, Ariella Fogel, Nicole Gipp, Karliegh Wattier, Emily Biggane, Peter Mortensen","ND03",1,"Soil_ND03_1","10/24/24","sent","4/18/25",NA,NA,NA,NA,NA,NA,NA,NA,NA,NA,NA,NA,NA,NA,NA,NA,NA,NA,NA,NA,NA,NA,NA,NA,NA,NA
"144","GPS OK ; NO SOIL DATA","Soil","Project","plastic bag","9/24/24","UTTC Wetland Transect Sampling Site #3 Rep 2","Emily Biggane","Tristen Alberts, Illiyanah Evans, Ariella Fogel, Nicole Gipp, Karliegh Wattier, Emily Biggane, Peter Mortensen","ND03",2,"Soil_ND03_2","10/24/24","sent","4/18/25",NA,NA,NA,NA,NA,NA,NA,NA,NA,NA,NA,NA,NA,NA,NA,NA,NA,NA,NA,NA,NA,NA,NA,NA,NA,NA
"145","TRUE","Soil","Project","plastic bag","9/20/24","Hawk Chase Dr Orangeburg, SC","Kamal Chowdhury","Kamal Chowdhury, Kalynn Wesby","CL03",1,"Soil_CL03_1","10/24/24","sent","4/18/25",NA,"Not yet tested","Not yet tested","Not yet tested","Not yet tested","Not yet tested","Not yet tested","Not yet tested","Not yet tested","Not yet tested","Not yet tested","Not yet tested","Not yet tested","Not yet tested","Not yet tested","Not yet tested","Not yet tested","Not yet tested","Not yet tested","Not yet tested","Not yet tested","Not yet tested","Not yet tested","Not yet tested","Not yet tested","Not yet tested"
"146","TRUE","Soil","Project","plastic bag","9/20/24","Hawk Chase Dr Orangeburg, SC","Kamal Chowdhury","Kamal Chowdhury, Kalynn Wesby","CL03",2,"Soil_CL03_2","10/24/24","sent","4/18/25",NA,"Not yet tested","Not yet tested","Not yet tested","Not yet tested","Not yet tested","Not yet tested","Not yet tested","Not yet tested","Not yet tested","Not yet tested","Not yet tested","Not yet tested","Not yet tested","Not yet tested","Not yet tested","Not yet tested","Not yet tested","Not yet tested","Not yet tested","Not yet tested","Not yet tested","Not yet tested","Not yet tested","Not yet tested","Not yet tested"
"147","TRUE","Soil","Project","plastic bag","9/21/24","Claflin University Site","Kamal Chowdhury","Kamal Chowdhury, Kalynn Wesby","CL01",1,"Soil_CL01_1","10/24/24","sent","4/18/25",NA,"Not yet tested","Not yet tested","Not yet tested","Not yet tested","Not yet tested","Not yet tested","Not yet tested","Not yet tested","Not yet tested","Not yet tested","Not yet tested","Not yet tested","Not yet tested","Not yet tested","Not yet tested","Not yet tested","Not yet tested","Not yet tested","Not yet tested","Not yet tested","Not yet tested","Not yet tested","Not yet tested","Not yet tested","Not yet tested"
"148","TRUE","Soil","Project","plastic bag","9/21/24","Claflin University Site","Kamal Chowdhury","Kamal Chowdhury, Kalynn Wesby","CL01",2,"Soil_CL01_2","10/24/24","sent","4/18/25",NA,"Not yet tested","Not yet tested","Not yet tested","Not yet tested","Not yet tested","Not yet tested","Not yet tested","Not yet tested","Not yet tested","Not yet tested","Not yet tested","Not yet tested","Not yet tested","Not yet tested","Not yet tested","Not yet tested","Not yet tested","Not yet tested","Not yet tested","Not yet tested","Not yet tested","Not yet tested","Not yet tested","Not yet tested","Not yet tested"
"149","TRUE","Soil","Project","plastic bag","9/28/24","Augusta, GA","Kamal Chowdhury","Kalynn Wesby","CL04",1,"Soil_CL04_1","10/24/24","sent","4/18/25",NA,"Not yet tested","Not yet tested","Not yet tested","Not yet tested","Not yet tested","Not yet tested","Not yet tested","Not yet tested","Not yet tested","Not yet tested","Not yet tested","Not yet tested","Not yet tested","Not yet tested","Not yet tested","Not yet tested","Not yet tested","Not yet tested","Not yet tested","Not yet tested","Not yet tested","Not yet tested","Not yet tested","Not yet tested","Not yet tested"
"150","TRUE","Soil","Project","plastic bag","9/28/24","Augusta, GA","Kamal Chowdhury","Kalynn Wesby","CL04",2,"Soil_CL04_2","10/24/24","sent","4/18/25",NA,"Not yet tested","Not yet tested","Not yet tested","Not yet tested","Not yet tested","Not yet tested","Not yet tested","Not yet tested","Not yet tested","Not yet tested","Not yet tested","Not yet tested","Not yet tested","Not yet tested","Not yet tested","Not yet tested","Not yet tested","Not yet tested","Not yet tested","Not yet tested","Not yet tested","Not yet tested","Not yet tested","Not yet tested","Not yet tested"
"151","TRUE","Soil","Project","plastic bag","10/1/24","Keysville, GA","Kamal Chowdhury","Kalynn Wesby","CL02",1,"Soil_CL02_1","10/24/24","sent","4/18/25",NA,"Not yet tested","Not yet tested","Not yet tested","Not yet tested","Not yet tested","Not yet tested","Not yet tested","Not yet tested","Not yet tested","Not yet tested","Not yet tested","Not yet tested","Not yet tested","Not yet tested","Not yet tested","Not yet tested","Not yet tested","Not yet tested","Not yet tested","Not yet tested","Not yet tested","Not yet tested","Not yet tested","Not yet tested","Not yet tested"
"152","TRUE","Soil","Project","plastic bag","10/1/24","Keysville, GA","Kamal Chowdhury","Kalynn Wesby","CL02",2,"Soil_CL02_2","10/24/24","sent","4/18/25",NA,"Not yet tested","Not yet tested","Not yet tested","Not yet tested","Not yet tested","Not yet tested","Not yet tested","Not yet tested","Not yet tested","Not yet tested","Not yet tested","Not yet tested","Not yet tested","Not yet tested","Not yet tested","Not yet tested","Not yet tested","Not yet tested","Not yet tested","Not yet tested","Not yet tested","Not yet tested","Not yet tested","Not yet tested","Not yet tested"
"153","TRUE","Soil","Project","plastic bag","11/24/24","HCCC Lincoln Park Rep 1","Raffi Manjikian","Alketa Muja, Katerin Marquez, Aadil Ishtiaq, Ashley Medrano, Zoe Canizares, Raffi Manjikian","JC01",1,"Soil_JC01_1","12/2/24","sent","4/18/25",NA,"Not yet tested","Not yet tested","Not yet tested","Not yet tested","Not yet tested","Not yet tested","Not yet tested","Not yet tested","Not yet tested","Not yet tested","Not yet tested","Not yet tested","Not yet tested","Not yet tested","Not yet tested","Not yet tested","Not yet tested","Not yet tested","Not yet tested","Not yet tested","Not yet tested","Not yet tested","Not yet tested","Not yet tested","Not yet tested"
"154","TRUE","Soil","Project","plastic bag","11/24/24","HCCC Lincoln Park Rep 10","Raffi Manjikian","Alketa Muja, Katerin Marquez, Aadil Ishtiaq, Ashley Medrano, Zoe Canizares, Raffi Manjikian","JC01",10,"Soil_JC01_10","12/2/24","sent","4/18/25",NA,"Not yet tested","Not yet tested","Not yet tested","Not yet tested","Not yet tested","Not yet tested","Not yet tested","Not yet tested","Not yet tested","Not yet tested","Not yet tested","Not yet tested","Not yet tested","Not yet tested","Not yet tested","Not yet tested","Not yet tested","Not yet tested","Not yet tested","Not yet tested","Not yet tested","Not yet tested","Not yet tested","Not yet tested","Not yet tested"
"155","TRUE","Soil","Project","plastic bag","11/24/24","HCCC Lincoln Park Rep 2","Raffi Manjikian","Alketa Muja, Katerin Marquez, Aadil Ishtiaq, Ashley Medrano, Zoe Canizares, Raffi Manjikian","JC01",2,"Soil_JC01_2","12/2/24","sent","4/18/25",NA,"Not yet tested","Not yet tested","Not yet tested","Not yet tested","Not yet tested","Not yet tested","Not yet tested","Not yet tested","Not yet tested","Not yet tested","Not yet tested","Not yet tested","Not yet tested","Not yet tested","Not yet tested","Not yet tested","Not yet tested","Not yet tested","Not yet tested","Not yet tested","Not yet tested","Not yet tested","Not yet tested","Not yet tested","Not yet tested"
"156","TRUE","Soil","Project","plastic bag","11/24/24","HCCC Lincoln Park Rep 3","Raffi Manjikian","Alketa Muja, Katerin Marquez, Aadil Ishtiaq, Ashley Medrano, Zoe Canizares, Raffi Manjikian","JC01",3,"Soil_JC01_3","12/2/24","sent","4/18/25",NA,"Not yet tested","Not yet tested","Not yet tested","Not yet tested","Not yet tested","Not yet tested","Not yet tested","Not yet tested","Not yet tested","Not yet tested","Not yet tested","Not yet tested","Not yet tested","Not yet tested","Not yet tested","Not yet tested","Not yet tested","Not yet tested","Not yet tested","Not yet tested","Not yet tested","Not yet tested","Not yet tested","Not yet tested","Not yet tested"
"157","TRUE","Soil","Project","plastic bag","11/24/24","HCCC Lincoln Park Rep 4","Raffi Manjikian","Alketa Muja, Katerin Marquez, Aadil Ishtiaq, Ashley Medrano, Zoe Canizares, Raffi Manjikian","JC01",4,"Soil_JC01_4","12/2/24","sent","4/18/25",NA,"Not yet tested","Not yet tested","Not yet tested","Not yet tested","Not yet tested","Not yet tested","Not yet tested","Not yet tested","Not yet tested","Not yet tested","Not yet tested","Not yet tested","Not yet tested","Not yet tested","Not yet tested","Not yet tested","Not yet tested","Not yet tested","Not yet tested","Not yet tested","Not yet tested","Not yet tested","Not yet tested","Not yet tested","Not yet tested"
"158","TRUE","Soil","Project","plastic bag","11/24/24","HCCC Lincoln Park Rep 5","Raffi Manjikian","Alketa Muja, Katerin Marquez, Aadil Ishtiaq, Ashley Medrano, Zoe Canizares, Raffi Manjikian","JC01",5,"Soil_JC01_5","12/2/24","sent","4/18/25",NA,"Not yet tested","Not yet tested","Not yet tested","Not yet tested","Not yet tested","Not yet tested","Not yet tested","Not yet tested","Not yet tested","Not yet tested","Not yet tested","Not yet tested","Not yet tested","Not yet tested","Not yet tested","Not yet tested","Not yet tested","Not yet tested","Not yet tested","Not yet tested","Not yet tested","Not yet tested","Not yet tested","Not yet tested","Not yet tested"
"159","TRUE","Soil","Project","plastic bag","11/24/24","HCCC Lincoln Park Rep 6","Raffi Manjikian","Alketa Muja, Katerin Marquez, Aadil Ishtiaq, Ashley Medrano, Zoe Canizares, Raffi Manjikian","JC01",6,"Soil_JC01_6","12/2/24","sent","4/18/25",NA,"Not yet tested","Not yet tested","Not yet tested","Not yet tested","Not yet tested","Not yet tested","Not yet tested","Not yet tested","Not yet tested","Not yet tested","Not yet tested","Not yet tested","Not yet tested","Not yet tested","Not yet tested","Not yet tested","Not yet tested","Not yet tested","Not yet tested","Not yet tested","Not yet tested","Not yet tested","Not yet tested","Not yet tested","Not yet tested"
"160","TRUE","Soil","Project","plastic bag","11/24/24","HCCC Lincoln Park Rep 7","Raffi Manjikian","Alketa Muja, Katerin Marquez, Aadil Ishtiaq, Ashley Medrano, Zoe Canizares, Raffi Manjikian","JC01",7,"Soil_JC01_7","12/2/24","sent","4/18/25",NA,"Not yet tested","Not yet tested","Not yet tested","Not yet tested","Not yet tested","Not yet tested","Not yet tested","Not yet tested","Not yet tested","Not yet tested","Not yet tested","Not yet tested","Not yet tested","Not yet tested","Not yet tested","Not yet tested","Not yet tested","Not yet tested","Not yet tested","Not yet tested","Not yet tested","Not yet tested","Not yet tested","Not yet tested","Not yet tested"
"161","TRUE","Soil","Project","plastic bag","11/24/24","HCCC Lincoln Park Rep 8","Raffi Manjikian","Alketa Muja, Katerin Marquez, Aadil Ishtiaq, Ashley Medrano, Zoe Canizares, Raffi Manjikian","JC01",8,"Soil_JC01_8","12/2/24","sent","4/18/25",NA,"Not yet tested","Not yet tested","Not yet tested","Not yet tested","Not yet tested","Not yet tested","Not yet tested","Not yet tested","Not yet tested","Not yet tested","Not yet tested","Not yet tested","Not yet tested","Not yet tested","Not yet tested","Not yet tested","Not yet tested","Not yet tested","Not yet tested","Not yet tested","Not yet tested","Not yet tested","Not yet tested","Not yet tested","Not yet tested"
"162","TRUE","Soil","Project","plastic bag","11/24/24","HCCC Lincoln Park Rep 9","Raffi Manjikian","Alketa Muja, Katerin Marquez, Aadil Ishtiaq, Ashley Medrano, Zoe Canizares, Raffi Manjikian","JC01",9,"Soil_JC01_9","12/2/24","sent","4/18/25",NA,"Not yet tested","Not yet tested","Not yet tested","Not yet tested","Not yet tested","Not yet tested","Not yet tested","Not yet tested","Not yet tested","Not yet tested","Not yet tested","Not yet tested","Not yet tested","Not yet tested","Not yet tested","Not yet tested","Not yet tested","Not yet tested","Not yet tested","Not yet tested","Not yet tested","Not yet tested","Not yet tested","Not yet tested","Not yet tested"
"163","TRUE","Soil","Project","plastic bag","3/13/24","Guttman CUNY Rep 1","Karla Fuller","Alexis Dorval, Aaliyah Harris, David Lam, Yulmy Lopez, Nicolli Mejia, Nadia Nasrin","GC01",1,"Soil_GC01_1","12/9/24","sent","4/18/25",NA,"Not yet tested","Not yet tested","Not yet tested","Not yet tested","Not yet tested","Not yet tested","Not yet tested","Not yet tested","Not yet tested","Not yet tested","Not yet tested","Not yet tested","Not yet tested","Not yet tested","Not yet tested","Not yet tested","Not yet tested","Not yet tested","Not yet tested","Not yet tested","Not yet tested","Not yet tested","Not yet tested","Not yet tested","Not yet tested"
"164","TRUE","Soil","Project","plastic bag","3/13/24","Guttman CUNY Rep 2","Karla Fuller","Alexis Dorval, Aaliyah Harris, David Lam, Yulmy Lopez, Nicolli Mejia, Nadia Nasrin","GC01",2,"Soil_GC01_2","12/9/24","sent","4/18/25",NA,"Not yet tested","Not yet tested","Not yet tested","Not yet tested","Not yet tested","Not yet tested","Not yet tested","Not yet tested","Not yet tested","Not yet tested","Not yet tested","Not yet tested","Not yet tested","Not yet tested","Not yet tested","Not yet tested","Not yet tested","Not yet tested","Not yet tested","Not yet tested","Not yet tested","Not yet tested","Not yet tested","Not yet tested","Not yet tested"
"165","TRUE","Soil","Project","plastic bag","12/18/24","GA-300014-COV-01 Rep 1","Robert Meller","Robert Meller","GA07",1,"Soil_GA07_1","2/4/25","sent","4/18/25",NA,"Not yet tested","Not yet tested","Not yet tested","Not yet tested","Not yet tested","Not yet tested","Not yet tested","Not yet tested","Not yet tested","Not yet tested","Not yet tested","Not yet tested","Not yet tested","Not yet tested","Not yet tested","Not yet tested","Not yet tested","Not yet tested","Not yet tested","Not yet tested","Not yet tested","Not yet tested","Not yet tested","Not yet tested","Not yet tested"
"166","TRUE","Soil","Project","plastic bag","12/18/24","GA-300014-COV-01 Rep 2","Robert Meller","Robert Meller","GA07",2,"Soil_GA07_2","2/4/25","sent","4/18/25",NA,"Not yet tested","Not yet tested","Not yet tested","Not yet tested","Not yet tested","Not yet tested","Not yet tested","Not yet tested","Not yet tested","Not yet tested","Not yet tested","Not yet tested","Not yet tested","Not yet tested","Not yet tested","Not yet tested","Not yet tested","Not yet tested","Not yet tested","Not yet tested","Not yet tested","Not yet tested","Not yet tested","Not yet tested","Not yet tested"
"167","TRUE","Soil","Project","plastic bag","12/16/24","SE ATL Rep 1","Robert Meller","Robert Meller + family","GA06",1,"Soil_GA06_1","2/4/25","sent","4/18/25",NA,"Not yet tested","Not yet tested","Not yet tested","Not yet tested","Not yet tested","Not yet tested","Not yet tested","Not yet tested","Not yet tested","Not yet tested","Not yet tested","Not yet tested","Not yet tested","Not yet tested","Not yet tested","Not yet tested","Not yet tested","Not yet tested","Not yet tested","Not yet tested","Not yet tested","Not yet tested","Not yet tested","Not yet tested","Not yet tested"
"168","TRUE","Soil","Project","plastic bag","12/16/24","SE ATL Rep 2","Robert Meller","Robert Meller + family","GA06",2,"Soil_GA06_2","2/4/25","sent","4/18/25",NA,"Not yet tested","Not yet tested","Not yet tested","Not yet tested","Not yet tested","Not yet tested","Not yet tested","Not yet tested","Not yet tested","Not yet tested","Not yet tested","Not yet tested","Not yet tested","Not yet tested","Not yet tested","Not yet tested","Not yet tested","Not yet tested","Not yet tested","Not yet tested","Not yet tested","Not yet tested","Not yet tested","Not yet tested","Not yet tested"
"169","TRUE","Soil","Project","plastic bag","3/6/25","WWTP Site 1 Rep 1","Deborah Petrik","Cheyanne Olson, Hope, AJ, Riley, Kilee","OK01",1,"Soil_OK01_1","3/21/25","sent","4/18/25","All ""sites"" within 100 m2","Not yet tested","Not yet tested","Not yet tested","Not yet tested","Not yet tested","Not yet tested","Not yet tested","Not yet tested","Not yet tested","Not yet tested","Not yet tested","Not yet tested","Not yet tested","Not yet tested","Not yet tested","Not yet tested","Not yet tested","Not yet tested","Not yet tested","Not yet tested","Not yet tested","Not yet tested","Not yet tested","Not yet tested","Not yet tested"
"170","TRUE","Soil","Project","plastic bag","3/6/25","WWTP Site 1 Rep 2","Deborah Petrik","Cheyanne Olson, Hope, AJ, Riley, Kilee","OK01",2,"Soil_OK01_2","3/21/25","sent","4/18/25","All ""sites"" within 100 m2","Not yet tested","Not yet tested","Not yet tested","Not yet tested","Not yet tested","Not yet tested","Not yet tested","Not yet tested","Not yet tested","Not yet tested","Not yet tested","Not yet tested","Not yet tested","Not yet tested","Not yet tested","Not yet tested","Not yet tested","Not yet tested","Not yet tested","Not yet tested","Not yet tested","Not yet tested","Not yet tested","Not yet tested","Not yet tested"
"171","TRUE","Soil","Project","plastic bag","3/6/25","WWTP Site 2 Rep 1","Deborah Petrik","Cheyanne Olson, Hope, AJ, Riley, Kilee","OK01",3,"Soil_OK01_3","3/21/25","sent","4/18/25","All ""sites"" within 100 m2","Not yet tested","Not yet tested","Not yet tested","Not yet tested","Not yet tested","Not yet tested","Not yet tested","Not yet tested","Not yet tested","Not yet tested","Not yet tested","Not yet tested","Not yet tested","Not yet tested","Not yet tested","Not yet tested","Not yet tested","Not yet tested","Not yet tested","Not yet tested","Not yet tested","Not yet tested","Not yet tested","Not yet tested","Not yet tested"
"172","TRUE","Soil","Project","plastic bag","3/6/25","WWTP Site 2 Rep 2","Deborah Petrik","Cheyanne Olson, Hope, AJ, Riley, Kilee","OK01",4,"Soil_OK01_4","3/21/25","sent","4/18/25","All ""sites"" within 100 m2","Not yet tested","Not yet tested","Not yet tested","Not yet tested","Not yet tested","Not yet tested","Not yet tested","Not yet tested","Not yet tested","Not yet tested","Not yet tested","Not yet tested","Not yet tested","Not yet tested","Not yet tested","Not yet tested","Not yet tested","Not yet tested","Not yet tested","Not yet tested","Not yet tested","Not yet tested","Not yet tested","Not yet tested","Not yet tested"
"173","TRUE","Soil","Project","plastic bag","3/6/25","WWTP Site 3 Rep 1","Deborah Petrik","Cheyanne Olson, Hope, AJ, Riley, Kilee","OK02",1,"Soil_OK02_1","3/21/25","sent","4/18/25","Previous sample name: Soil_OK01_5","Not yet tested","Not yet tested","Not yet tested","Not yet tested","Not yet tested","Not yet tested","Not yet tested","Not yet tested","Not yet tested","Not yet tested","Not yet tested","Not yet tested","Not yet tested","Not yet tested","Not yet tested","Not yet tested","Not yet tested","Not yet tested","Not yet tested","Not yet tested","Not yet tested","Not yet tested","Not yet tested","Not yet tested","Not yet tested"
"174","TRUE","Soil","Project","plastic bag","3/6/25","WWTP Site 3 Rep 2","Deborah Petrik","Cheyanne Olson, Hope, AJ, Riley, Kilee","OK02",2,"Soil_OK02_2","3/21/25","sent","4/18/25","Previous sample name: Soil_OK01_6","Not yet tested","Not yet tested","Not yet tested","Not yet tested","Not yet tested","Not yet tested","Not yet tested","Not yet tested","Not yet tested","Not yet tested","Not yet tested","Not yet tested","Not yet tested","Not yet tested","Not yet tested","Not yet tested","Not yet tested","Not yet tested","Not yet tested","Not yet tested","Not yet tested","Not yet tested","Not yet tested","Not yet tested","Not yet tested"
"175","TRUE","Soil","Project","plastic bag","3/6/25","WWTP Site 4 Rep 1","Deborah Petrik","Cheyanne Olson, Hope, AJ, Riley, Kilee","OK02",3,"Soil_OK02_3","3/21/25","sent","4/18/25","Previous sample name: Soil_OK01_7","Not yet tested","Not yet tested","Not yet tested","Not yet tested","Not yet tested","Not yet tested","Not yet tested","Not yet tested","Not yet tested","Not yet tested","Not yet tested","Not yet tested","Not yet tested","Not yet tested","Not yet tested","Not yet tested","Not yet tested","Not yet tested","Not yet tested","Not yet tested","Not yet tested","Not yet tested","Not yet tested","Not yet tested","Not yet tested"
"176","TRUE","Soil","Project","plastic bag","3/6/25","WWTP Site 4 Rep 2","Deborah Petrik","Cheyanne Olson, Hope, AJ, Riley, Kilee","OK02",4,"Soil_OK02_4","3/21/25","sent","4/18/25","Previous sample name: Soil_OK01_8","Not yet tested","Not yet tested","Not yet tested","Not yet tested","Not yet tested","Not yet tested","Not yet tested","Not yet tested","Not yet tested","Not yet tested","Not yet tested","Not yet tested","Not yet tested","Not yet tested","Not yet tested","Not yet tested","Not yet tested","Not yet tested","Not yet tested","Not yet tested","Not yet tested","Not yet tested","Not yet tested","Not yet tested","Not yet tested"
"177","TRUE","Soil","Project","plastic bag","3/6/25","WWTP Site 5 Rep 1","Deborah Petrik","Cheyanne Olson, Hope, AJ, Riley, Kilee","OK02",5,"Soil_OK02_5","3/21/25","sent","4/18/25","Previous sample name: Soil_OK01_9","Not yet tested","Not yet tested","Not yet tested","Not yet tested","Not yet tested","Not yet tested","Not yet tested","Not yet tested","Not yet tested","Not yet tested","Not yet tested","Not yet tested","Not yet tested","Not yet tested","Not yet tested","Not yet tested","Not yet tested","Not yet tested","Not yet tested","Not yet tested","Not yet tested","Not yet tested","Not yet tested","Not yet tested","Not yet tested"
"178","TRUE","Soil","Project","plastic bag","3/6/25","WWTP Site 5 Rep 2","Deborah Petrik","Cheyanne Olson, Hope, AJ, Riley, Kilee","OK02",6,"Soil_OK02_6","3/21/25","sent","4/18/25","Previous sample name: Soil_OK01_10","Not yet tested","Not yet tested","Not yet tested","Not yet tested","Not yet tested","Not yet tested","Not yet tested","Not yet tested","Not yet tested","Not yet tested","Not yet tested","Not yet tested","Not yet tested","Not yet tested","Not yet tested","Not yet tested","Not yet tested","Not yet tested","Not yet tested","Not yet tested","Not yet tested","Not yet tested","Not yet tested","Not yet tested","Not yet tested"
"179","TRUE","Soil","Project","plastic bag","6/15/24","SBP REP-1","Rosa Alcazar","Rachael Gutierrez, Harkiran Kaur, Alan Lopez","F06",1,"Soil_F06_1","4/8/25","sent","4/18/25",NA,"Not yet tested","Not yet tested","Not yet tested","Not yet tested","Not yet tested","Not yet tested","Not yet tested","Not yet tested","Not yet tested","Not yet tested","Not yet tested","Not yet tested","Not yet tested","Not yet tested","Not yet tested","Not yet tested","Not yet tested","Not yet tested","Not yet tested","Not yet tested","Not yet tested","Not yet tested","Not yet tested","Not yet tested","Not yet tested"
"180","TRUE","Soil","Project","plastic bag","6/15/24","SBP REP-2","Rosa Alcazar","Rachael Gutierrez, Harkiran Kaur, Alan Lopez","F06",2,"Soil_F06_2","4/8/25","sent","4/18/25",NA,"Not yet tested","Not yet tested","Not yet tested","Not yet tested","Not yet tested","Not yet tested","Not yet tested","Not yet tested","Not yet tested","Not yet tested","Not yet tested","Not yet tested","Not yet tested","Not yet tested","Not yet tested","Not yet tested","Not yet tested","Not yet tested","Not yet tested","Not yet tested","Not yet tested","Not yet tested","Not yet tested","Not yet tested","Not yet tested"
"181","TRUE","Soil","Project","plastic bag","4/11/24","CBG Site 1 Rep 1","Rosa Alcazar","Alan Lopez, Rachael Gutierrez, Nareh Azizian, Harkiran Kaur","F07",1,"Soil_F07_1","4/8/25","sent","4/18/25",NA,"Not yet tested","Not yet tested","Not yet tested","Not yet tested","Not yet tested","Not yet tested","Not yet tested","Not yet tested","Not yet tested","Not yet tested","Not yet tested","Not yet tested","Not yet tested","Not yet tested","Not yet tested","Not yet tested","Not yet tested","Not yet tested","Not yet tested","Not yet tested","Not yet tested","Not yet tested","Not yet tested","Not yet tested","Not yet tested"
"182","TRUE","Soil","Project","plastic bag","4/11/24","CBG Site 1 Rep 2","Rosa Alcazar","Alan Lopez, Rachael Gutierrez, Nareh Azizian, Harkiran Kaur","F07",2,"Soil_F07_2","4/8/25","sent","4/18/25",NA,"Not yet tested","Not yet tested","Not yet tested","Not yet tested","Not yet tested","Not yet tested","Not yet tested","Not yet tested","Not yet tested","Not yet tested","Not yet tested","Not yet tested","Not yet tested","Not yet tested","Not yet tested","Not yet tested","Not yet tested","Not yet tested","Not yet tested","Not yet tested","Not yet tested","Not yet tested","Not yet tested","Not yet tested","Not yet tested"
"183","TRUE","Soil","Project","plastic bag","5/24/24","UCSC-CC Rep 1","Rosa Alcazar","Rachael Gutierrez, Harkiran Kaur","SC01",1,"Soil_SC01_1","4/8/25","sent","4/18/25",NA,"Not yet tested","Not yet tested","Not yet tested","Not yet tested","Not yet tested","Not yet tested","Not yet tested","Not yet tested","Not yet tested","Not yet tested","Not yet tested","Not yet tested","Not yet tested","Not yet tested","Not yet tested","Not yet tested","Not yet tested","Not yet tested","Not yet tested","Not yet tested","Not yet tested","Not yet tested","Not yet tested","Not yet tested","Not yet tested"
"184","TRUE","Soil","Project","plastic bag","5/24/24","UCSC-CC Rep 2","Rosa Alcazar","Rachael Gutierrez, Harkiran Kaur","SC01",2,"Soil_SC01_2","4/8/25","sent","4/18/25",NA,"Not yet tested","Not yet tested","Not yet tested","Not yet tested","Not yet tested","Not yet tested","Not yet tested","Not yet tested","Not yet tested","Not yet tested","Not yet tested","Not yet tested","Not yet tested","Not yet tested","Not yet tested","Not yet tested","Not yet tested","Not yet tested","Not yet tested","Not yet tested","Not yet tested","Not yet tested","Not yet tested","Not yet tested","Not yet tested"
"185","TRUE","Soil","Project","plastic bag","5/24/24","UCSC Main Campus Rep-1","Rosa Alcazar","Rachael Gutierrez, Harkiran Kaur","SC02",1,"Soil_SC02_1","4/8/25","sent","4/18/25",NA,"Not yet tested","Not yet tested","Not yet tested","Not yet tested","Not yet tested","Not yet tested","Not yet tested","Not yet tested","Not yet tested","Not yet tested","Not yet tested","Not yet tested","Not yet tested","Not yet tested","Not yet tested","Not yet tested","Not yet tested","Not yet tested","Not yet tested","Not yet tested","Not yet tested","Not yet tested","Not yet tested","Not yet tested","Not yet tested"
"186","TRUE","Soil","Project","plastic bag","5/24/24","UCSC Main Campus Rep-2","Rosa Alcazar","Rachael Gutierrez, Harkiran Kaur","SC02",2,"Soil_SC02_2","4/8/25","sent","4/18/25",NA,"Not yet tested","Not yet tested","Not yet tested","Not yet tested","Not yet tested","Not yet tested","Not yet tested","Not yet tested","Not yet tested","Not yet tested","Not yet tested","Not yet tested","Not yet tested","Not yet tested","Not yet tested","Not yet tested","Not yet tested","Not yet tested","Not yet tested","Not yet tested","Not yet tested","Not yet tested","Not yet tested","Not yet tested","Not yet tested"
"187","NO GPS ; NO SOIL DATA","Soil","Project","plastic bag","11/14/24","UMARY SITE 1 Rep 1","Joseph Biggane",NA,"ND07",1,"Soil_ND07_1","4/14/25","sent","4/18/25",NA,NA,NA,NA,NA,NA,NA,NA,NA,NA,NA,NA,NA,NA,NA,NA,NA,NA,NA,NA,NA,NA,NA,NA,NA,NA
"188","NO GPS ; NO SOIL DATA","Soil","Project","plastic bag","11/14/24","UMARY SITE 1 Rep 2","Joseph Biggane",NA,"ND07",2,"Soil_ND07_2","4/14/25","sent","4/18/25",NA,NA,NA,NA,NA,NA,NA,NA,NA,NA,NA,NA,NA,NA,NA,NA,NA,NA,NA,NA,NA,NA,NA,NA,NA,NA
"189","NO GPS ; NO SOIL DATA","Soil","Project","plastic bag","11/14/24","UMARY SITE 2 Rep 1","Joseph Biggane",NA,"ND08",1,"Soil_ND08_1","4/14/25","sent","4/18/25",NA,NA,NA,NA,NA,NA,NA,NA,NA,NA,NA,NA,NA,NA,NA,NA,NA,NA,NA,NA,NA,NA,NA,NA,NA,NA
"190","NO GPS ; NO SOIL DATA","Soil","Project","plastic bag","11/14/24","UMARY SITE 2 Rep 2","Joseph Biggane",NA,"ND08",2,"Soil_ND08_2","4/14/25","sent","4/18/25",NA,NA,NA,NA,NA,NA,NA,NA,NA,NA,NA,NA,NA,NA,NA,NA,NA,NA,NA,NA,NA,NA,NA,NA,NA,NA
"191","NO GPS ; NO SOIL DATA","Soil","Project","plastic bag","11/14/24","UMARY SITE 3 Rep 1","Joseph Biggane",NA,"ND09",1,"Soil_ND09_1","4/14/25","sent","4/18/25",NA,NA,NA,NA,NA,NA,NA,NA,NA,NA,NA,NA,NA,NA,NA,NA,NA,NA,NA,NA,NA,NA,NA,NA,NA,NA
"192","NO GPS ; NO SOIL DATA","Soil","Project","plastic bag","11/14/24","UMARY SITE 3 Rep 2","Joseph Biggane",NA,"ND09",2,"Soil_ND09_2","4/14/25","sent","4/18/25",NA,NA,NA,NA,NA,NA,NA,NA,NA,NA,NA,NA,NA,NA,NA,NA,NA,NA,NA,NA,NA,NA,NA,NA,NA,NA
"193","NO GPS ; NO SOIL DATA","Soil","Project","plastic bag","11/14/24","UMARY SITE 4 Rep 1","Joseph Biggane",NA,"ND10",1,"Soil_ND10_1","4/14/25","sent","4/18/25",NA,NA,NA,NA,NA,NA,NA,NA,NA,NA,NA,NA,NA,NA,NA,NA,NA,NA,NA,NA,NA,NA,NA,NA,NA,NA
"194","NO GPS ; NO SOIL DATA","Soil","Project","plastic bag","11/14/24","UMARY SITE 4 Rep 2","Joseph Biggane",NA,"ND10",2,"Soil_ND10_2","4/14/25","sent","4/18/25",NA,NA,NA,NA,NA,NA,NA,NA,NA,NA,NA,NA,NA,NA,NA,NA,NA,NA,NA,NA,NA,NA,NA,NA,NA,NA
"195","NO GPS ; NO SOIL DATA","Soil","Project","plastic bag",NA,NA,"Shazia Tabassum Hakim",NA,"TC01",2,"Soil_TC01_2","4/14/25","sent","4/18/25",NA,NA,NA,NA,NA,NA,NA,NA,NA,NA,NA,NA,NA,NA,NA,NA,NA,NA,NA,NA,NA,NA,NA,NA,NA,NA
"196","NO GPS ; NO SOIL DATA","Soil","Project","plastic bag",NA,NA,"Shazia Tabassum Hakim",NA,"TC01",1,"Soil_TC01_1","4/14/25","sent","4/18/25",NA,NA,NA,NA,NA,NA,NA,NA,NA,NA,NA,NA,NA,NA,NA,NA,NA,NA,NA,NA,NA,NA,NA,NA,NA,NA
"197","NO GPS ; NO SOIL DATA","Soil","Project","plastic bag",NA,NA,"Shazia Tabassum Hakim",NA,"TC02",1,"Soil_TC02_1","4/14/25","sent","4/18/25",NA,NA,NA,NA,NA,NA,NA,NA,NA,NA,NA,NA,NA,NA,NA,NA,NA,NA,NA,NA,NA,NA,NA,NA,NA,NA
"198","NO GPS ; NO SOIL DATA","Soil","Project","plastic bag",NA,NA,"Shazia Tabassum Hakim",NA,"TC02",2,"Soil_TC02_2","4/14/25","sent","4/18/25",NA,NA,NA,NA,NA,NA,NA,NA,NA,NA,NA,NA,NA,NA,NA,NA,NA,NA,NA,NA,NA,NA,NA,NA,NA,NA
"199","NO GPS ; NO SOIL DATA","Soil","Project","plastic bag",NA,NA,"Shazia Tabassum Hakim",NA,"TC03",1,"Soil_TC03_1","4/14/25","sent","4/18/25",NA,NA,NA,NA,NA,NA,NA,NA,NA,NA,NA,NA,NA,NA,NA,NA,NA,NA,NA,NA,NA,NA,NA,NA,NA,NA
"200","NO GPS ; NO SOIL DATA","Soil","Project","plastic bag",NA,NA,"Shazia Tabassum Hakim",NA,"TC04",1,"Soil_TC04_1","4/14/25","sent","4/18/25",NA,NA,NA,NA,NA,NA,NA,NA,NA,NA,NA,NA,NA,NA,NA,NA,NA,NA,NA,NA,NA,NA,NA,NA,NA,NA
"201","NO GPS ; NO SOIL DATA","Soil","Project","plastic bag",NA,NA,"Shazia Tabassum Hakim",NA,"TC05",1,"Soil_TC05_1","4/14/25","sent","4/18/25",NA,NA,NA,NA,NA,NA,NA,NA,NA,NA,NA,NA,NA,NA,NA,NA,NA,NA,NA,NA,NA,NA,NA,NA,NA,NA
"202","NO GPS ; NO SOIL DATA","Soil","Project","plastic bag",NA,NA,"Shazia Tabassum Hakim",NA,"TC06",1,"Soil_TC06_1","4/14/25","sent","4/18/25",NA,NA,NA,NA,NA,NA,NA,NA,NA,NA,NA,NA,NA,NA,NA,NA,NA,NA,NA,NA,NA,NA,NA,NA,NA,NA
"203","TRUE","Soil","Project","plastic bag","5/2/2025","Rep #1","Torrence Gill, Lia Walker","Alex Kenneth Brown, Elettra Dalcerri, Joshua R. James ","CU01",1,"Soil_CU01_1","5/19/25","UTL","FALSE",NA,"Not yet tested","Not yet tested","Not yet tested","Not yet tested","Not yet tested","Not yet tested","Not yet tested","Not yet tested","Not yet tested","Not yet tested","Not yet tested","Not yet tested","Not yet tested","Not yet tested","Not yet tested","Not yet tested","Not yet tested","Not yet tested","Not yet tested","Not yet tested","Not yet tested","Not yet tested","Not yet tested","Not yet tested","Not yet tested"
"204","TRUE","Soil","Project","plastic bag","5/2/2025","Rep #1 Dry","Torrence Gill, Lia Walker","Alex Kenneth Brown, Elettra Dalcerri, Joshua R. James ","CU01",2,"Soil_CU01_2","5/19/25","UTL","FALSE",NA,"Not yet tested","Not yet tested","Not yet tested","Not yet tested","Not yet tested","Not yet tested","Not yet tested","Not yet tested","Not yet tested","Not yet tested","Not yet tested","Not yet tested","Not yet tested","Not yet tested","Not yet tested","Not yet tested","Not yet tested","Not yet tested","Not yet tested","Not yet tested","Not yet tested","Not yet tested","Not yet tested","Not yet tested","Not yet tested"
"205","TRUE","Soil","Project","plastic bag","5/2/2025","Rep #2","Torrence Gill, Lia Walker","Alex Kenneth Brown, Elettra Dalcerri, Joshua R. James ","CU01",3,"Soil_CU01_3","5/19/25","UTL","FALSE",NA,"Not yet tested","Not yet tested","Not yet tested","Not yet tested","Not yet tested","Not yet tested","Not yet tested","Not yet tested","Not yet tested","Not yet tested","Not yet tested","Not yet tested","Not yet tested","Not yet tested","Not yet tested","Not yet tested","Not yet tested","Not yet tested","Not yet tested","Not yet tested","Not yet tested","Not yet tested","Not yet tested","Not yet tested","Not yet tested"
"206","TRUE","Soil","Project","plastic bag","5/2/2025","Rep #2 Dry","Torrence Gill, Lia Walker","Alex Kenneth Brown, Elettra Dalcerri, Joshua R. James ","CU01",4,"Soil_CU01_4","5/19/25","UTL","FALSE",NA,"Not yet tested","Not yet tested","Not yet tested","Not yet tested","Not yet tested","Not yet tested","Not yet tested","Not yet tested","Not yet tested","Not yet tested","Not yet tested","Not yet tested","Not yet tested","Not yet tested","Not yet tested","Not yet tested","Not yet tested","Not yet tested","Not yet tested","Not yet tested","Not yet tested","Not yet tested","Not yet tested","Not yet tested","Not yet tested"
"207","TRUE","Soil","Project","plastic bag","4/18/2025","Oak Hills Park Rep 1","Nik Tsotakos","Sara Fegan, Ryan Shaw","PH01",1,"Soil_PH01_1","5/19/25","UTL","FALSE",NA,"Not yet tested","Not yet tested","Not yet tested","Not yet tested","Not yet tested","Not yet tested","Not yet tested","Not yet tested","Not yet tested","Not yet tested","Not yet tested","Not yet tested","Not yet tested","Not yet tested","Not yet tested","Not yet tested","Not yet tested","Not yet tested","Not yet tested","Not yet tested","Not yet tested","Not yet tested","Not yet tested","Not yet tested","Not yet tested"
"208","TRUE","Soil","Project","plastic bag","4/18/2025","Oak Hills Park Rep 2","Nik Tsotakos","Sara Fegan, Ryan Shaw","PH01",2,"Soil_PH01_2","5/19/25","UTL","FALSE",NA,"Not yet tested","Not yet tested","Not yet tested","Not yet tested","Not yet tested","Not yet tested","Not yet tested","Not yet tested","Not yet tested","Not yet tested","Not yet tested","Not yet tested","Not yet tested","Not yet tested","Not yet tested","Not yet tested","Not yet tested","Not yet tested","Not yet tested","Not yet tested","Not yet tested","Not yet tested","Not yet tested","Not yet tested","Not yet tested"
"209","TRUE","Soil","Project","plastic bag","4/18/2025","Water Treatment Plant Rep 1","Nik Tsotakos","Sara Fegan","PH02",1,"Soil_PH02_1","5/19/25","UTL","FALSE",NA,"Not yet tested","Not yet tested","Not yet tested","Not yet tested","Not yet tested","Not yet tested","Not yet tested","Not yet tested","Not yet tested","Not yet tested","Not yet tested","Not yet tested","Not yet tested","Not yet tested","Not yet tested","Not yet tested","Not yet tested","Not yet tested","Not yet tested","Not yet tested","Not yet tested","Not yet tested","Not yet tested","Not yet tested","Not yet tested"
"210","TRUE","Soil","Project","plastic bag","4/18/2025","Water Treatment Plant Rep 2","Nik Tsotakos","Sara Fegan","PH02",2,"Soil_PH02_2","5/19/25","UTL","FALSE",NA,"Not yet tested","Not yet tested","Not yet tested","Not yet tested","Not yet tested","Not yet tested","Not yet tested","Not yet tested","Not yet tested","Not yet tested","Not yet tested","Not yet tested","Not yet tested","Not yet tested","Not yet tested","Not yet tested","Not yet tested","Not yet tested","Not yet tested","Not yet tested","Not yet tested","Not yet tested","Not yet tested","Not yet tested","Not yet tested"
"211","TRUE","Soil","Project","plastic bag","4/18/2025","PSH Heating Plant Rep 1","Nik Tsotakos","None","PH03",1,"Soil_PH03_1","5/19/25","UTL","FALSE",NA,"Not yet tested","Not yet tested","Not yet tested","Not yet tested","Not yet tested","Not yet tested","Not yet tested","Not yet tested","Not yet tested","Not yet tested","Not yet tested","Not yet tested","Not yet tested","Not yet tested","Not yet tested","Not yet tested","Not yet tested","Not yet tested","Not yet tested","Not yet tested","Not yet tested","Not yet tested","Not yet tested","Not yet tested","Not yet tested"
"212","TRUE","Soil","Project","plastic bag","4/18/2025","PSH Heating Plant Rep 2","Nik Tsotakos","None","PH03",2,"Soil_PH03_2","5/19/25","UTL","FALSE",NA,"Not yet tested","Not yet tested","Not yet tested","Not yet tested","Not yet tested","Not yet tested","Not yet tested","Not yet tested","Not yet tested","Not yet tested","Not yet tested","Not yet tested","Not yet tested","Not yet tested","Not yet tested","Not yet tested","Not yet tested","Not yet tested","Not yet tested","Not yet tested","Not yet tested","Not yet tested","Not yet tested","Not yet tested","Not yet tested"
"213","TRUE","Soil","Project","plastic bag","4/19/2025","Engineering Lab Rep 1","Nik Tsotakos","None","PH04",1,"Soil_PH04_1","5/19/25","UTL","FALSE",NA,"Not yet tested","Not yet tested","Not yet tested","Not yet tested","Not yet tested","Not yet tested","Not yet tested","Not yet tested","Not yet tested","Not yet tested","Not yet tested","Not yet tested","Not yet tested","Not yet tested","Not yet tested","Not yet tested","Not yet tested","Not yet tested","Not yet tested","Not yet tested","Not yet tested","Not yet tested","Not yet tested","Not yet tested","Not yet tested"
"214","TRUE","Soil","Project","plastic bag","4/19/2025","Engineering Lab Rep 2","Nik Tsotakos","None","PH04",2,"Soil_PH04_2","5/19/25","UTL","FALSE",NA,"Not yet tested","Not yet tested","Not yet tested","Not yet tested","Not yet tested","Not yet tested","Not yet tested","Not yet tested","Not yet tested","Not yet tested","Not yet tested","Not yet tested","Not yet tested","Not yet tested","Not yet tested","Not yet tested","Not yet tested","Not yet tested","Not yet tested","Not yet tested","Not yet tested","Not yet tested","Not yet tested","Not yet tested","Not yet tested"
"215","TRUE","Soil","Project","plastic bag","4/19/2025","Juniata Hall Rep 1","Nik Tsotakos","None","PH05",1,"Soil_PH05_1","5/19/25","UTL","FALSE",NA,"Not yet tested","Not yet tested","Not yet tested","Not yet tested","Not yet tested","Not yet tested","Not yet tested","Not yet tested","Not yet tested","Not yet tested","Not yet tested","Not yet tested","Not yet tested","Not yet tested","Not yet tested","Not yet tested","Not yet tested","Not yet tested","Not yet tested","Not yet tested","Not yet tested","Not yet tested","Not yet tested","Not yet tested","Not yet tested"
"216","TRUE","Soil","Project","plastic bag","4/19/2025","Juniata Hall Rep 2","Nik Tsotakos","None","PH05",2,"Soil_PH05_2","5/19/25","UTL","FALSE",NA,"Not yet tested","Not yet tested","Not yet tested","Not yet tested","Not yet tested","Not yet tested","Not yet tested","Not yet tested","Not yet tested","Not yet tested","Not yet tested","Not yet tested","Not yet tested","Not yet tested","Not yet tested","Not yet tested","Not yet tested","Not yet tested","Not yet tested","Not yet tested","Not yet tested","Not yet tested","Not yet tested","Not yet tested","Not yet tested"
